TWR_EVENT_SMAS_HISTORY_ID,TWR_EVENT_SMAS_SAMPLE_DATE,TWR_TEST_START_DATE,TWR_REPRODUCTIVE_RATE,TWR_REPRODUCTIVE_RATE_QLFR,TWR_REPRODUCTIVE_SIG,TWR_PCT_CTRL,TWR_PCT_CTRL_QLFR,TWR_PCT_SURVIVAL,TWR_PCT_SURVIVAL_QLFR,TWR_SURVIVAL_SIG,TWR_ASSESSMENT
10-GCHZ-6.6,4/13/2004,4/16/2004,10,,F,130,,100,,,Non-toxic
10-LCHZ-2.6,4/13/2004,4/16/2004,7.4,,F,96,,80,,,Non-toxic
10-CORB-0.8,4/13/2004,4/16/2004,10.3,,F,134,,100,,,Non-toxic
10-SARA-0.9,4/13/2004,4/16/2004,12.6,,F,164,,100,,,Non-toxic
10-BOQT-2.8,4/12/2004,4/16/2004,11.5,,F,149,,100,,,Non-toxic
10-SABL_W-25.6,4/12/2004,4/16/2004,12,,F,156,,100,,,Non-toxic
10-CADE-0.1,4/12/2004,4/16/2004,6.6,,F,86,,80,,,Non-toxic
10-LCHU-2.0,4/14/2004,4/16/2004,8.3,,F,108,,100,,,Non-toxic
10-PTNY-17.8,4/14/2004,4/16/2004,11.6,,F,151,,100,,,Non-toxic
10-METT-1.1,4/14/2004,4/16/2004,14.3,,F,186,,100,,,Non-toxic
10-MDBR-4.1,4/14/2004,4/16/2004,13.4,,F,174,,90,,,Non-toxic
10-WSBR-0.2,4/14/2004,4/16/2004,7.6,,F,99,,80,,,Non-toxic
17-CARM-9.0,4/13/2004,4/16/2004,15.6,,F,82,,100,,,Non-toxic
17-MASS-1.2,4/13/2004,4/16/2004,21.1,,F,111,,100,,,Non-toxic
17-BVDC-0.1,4/13/2004,4/16/2004,16.3,,F,86,,80,,,Non-toxic
17-CONQ-1.6,4/13/2004,4/16/2004,18.2,,F,96,,100,,,Non-toxic
17-PECN-7.6,4/12/2004,4/16/2004,14.5,,F,76,,100,,,Non-toxic
17-MIAN-13.3,4/12/2004,4/16/2004,8.7,,T,46,,100,,,Slight
17-BLND-3.4,4/12/2004,4/16/2004,19.6,,F,103,,100,,,Non-toxic
17-BRNX-5.6,4/12/2004,4/16/2004,13.5,,F,71,,90,,,Non-toxic
06-USSQ-149.8,4/28/2004,4/30/2004,15.9,,T,50,,100,,,Slight
06-DILA-5.4,4/28/2004,4/30/2004,31.1,,F,98,,100,,,Non-toxic
06-NVUS-0.9,4/28/2004,4/30/2004,23.4,,F,73,,100,,,Non-toxic
06-BTNT-1.3,4/28/2004,4/30/2004,19.8,,F,62,,100,,,Non-toxic
06-NANG_W-0.3,4/28/2004,4/30/2004,28,,F,88,,100,,,Non-toxic
06-TOGH-29.8,4/28/2004,4/30/2004,19.1,,F,60,,100,,,Non-toxic
06-NANT-0.8,4/26/2004,4/30/2004,29.1,,F,91,,100,,,Non-toxic
06-PIPE-0.7,4/26/2004,4/30/2004,30.8,,F,97,,100,,,Non-toxic
06-SNAK-0.4,4/27/2004,4/30/2004,22.2,,F,70,,90,,,Non-toxic
06-CATA-1.7,4/26/2004,4/30/2004,27.2,,F,85,,100,,,Non-toxic
06-USSQ-149.8,7/6/2004,7/9/2004,22.6,,F,83,,100,,,Non-toxic
06-DILA-5.4,7/6/2004,7/9/2004,21,,F,77,,100,,,Non-toxic
06-NVUS-0.9,7/6/2004,7/9/2004,21.5,,F,79,,100,,,Non-toxic
06-BTNT-1.3,7/6/2004,7/9/2004,21.5,,F,79,,100,,,Non-toxic
06-NANG_W-0.3,7/7/2004,7/9/2004,25.8,,F,95,,80,,,Non-toxic
06-TOGH-29.8,7/7/2004,7/9/2004,23.9,,F,88,,100,,,Non-toxic
06-NANT-0.8,7/8/2004,7/9/2004,26.3,,F,97,,100,,,Non-toxic
06-PIPE-0.7,7/6/2004,7/9/2004,20.6,,F,76,,100,,,Non-toxic
06-SNAK-0.4,7/8/2004,7/9/2004,14.2,,T,52,,90,,,Slight
06-CATA-1.7,7/6/2004,7/9/2004,22.3,,F,82,,100,,,Non-toxic
10-GCHZ-6.6,8/11/2004,8/13/2004,18.5,,F,82,,100,,,Non-toxic
10-LCHZ-2.6,8/11/2004,8/13/2004,15.7,,F,70,,100,,,Non-toxic
10-CORB-0.8,8/11/2004,8/13/2004,20.3,,F,90,,100,,,Non-toxic
10-SARA-0.9,8/10/2004,8/13/2004,19.6,,F,87,,100,,,Non-toxic
10-BOQT-2.8,8/10/2004,8/13/2004,15.2,,F,67,,100,,,Non-toxic
10-SABL_W-25.6,8/10/2004,8/13/2004,24.1,,F,107,,100,,,Non-toxic
10-CADE-0.1,8/10/2004,8/13/2004,0,,T,0,,0,,T,Severe
10-LCHU-2.0,8/11/2004,8/13/2004,22,,F,97,,100,,,Non-toxic
10-PTNY-17.8,8/11/2004,8/13/2004,22.7,,F,100,,100,,,Non-toxic
10-METT-1.1,8/11/2004,8/13/2004,22.3,,F,99,,100,,,Non-toxic
10-MDBR-4.1,8/11/2004,8/13/2004,22.3,,F,99,,100,,,Non-toxic
10-WSBR-0.2,8/11/2004,8/13/2004,3.6,,T,16,,30,,T,Severe
17-CARM-9.0,8/10/2004,8/13/2004,19.8,,F,96,,100,,,Non-toxic
17-MASS-1.2,8/10/2004,8/13/2004,21.9,,F,106,,90,,,Non-toxic
17-BVDC-0.1,8/10/2004,8/13/2004,24.8,,F,120,,100,,,Non-toxic
17-CONQ-1.6,8/10/2004,8/13/2004,26.8,,F,130,,100,,,Non-toxic
17-PECN-7.6,8/10/2004,8/13/2004,17.4,,F,85,,100,,,Non-toxic
17-MIAN-13.3,8/11/2004,8/13/2004,25.9,,F,126,,100,,,Non-toxic
17-BLND-3.4,8/11/2004,8/13/2004,24.2,,F,118,,100,,,Non-toxic
17-BRNX-5.6,8/11/2004,8/13/2004,22.1,,F,107,,100,,,Non-toxic
06-USSQ-149.8,9/20/2004,9/24/2004,18,,F,69,,90,,,Non-toxic
06-DILA-5.4,9/20/2004,9/24/2004,27.7,,F,107,,100,,,Non-toxic
06-NVUS-0.9,9/20/2004,9/24/2004,26.7,,F,103,,100,,,Non-toxic
06-BTNT-1.3,9/20/2004,9/24/2004,22,,F,85,,100,,,Non-toxic
10-GCHZ-6.6,9/28/2004,10/1/2004,32.1,,F,108,,100,,,Non-toxic
10-LCHZ-2.6,9/28/2004,10/1/2004,28.1,,F,94,,90,,,Non-toxic
10-CORB-0.8,9/28/2004,10/1/2004,29.3,,F,98,,100,,,Non-toxic
10-SARA-0.9,9/27/2004,10/1/2004,29.4,,F,99,,100,,,Non-toxic
10-BOQT-2.8,9/27/2004,10/1/2004,30,,F,101,,100,,,Non-toxic
10-SABL_W-25.6,9/27/2004,10/1/2004,30.9,,F,104,,100,,,Non-toxic
10-CADE-0.1,9/27/2004,10/1/2004,13.2,,F,44,,90,,,Non-toxic
10-LCHU-2.0,9/30/2004,10/1/2004,24.3,,F,82,,100,,,Non-toxic
10-PTNY-17.8,9/30/2004,10/1/2004,26.7,,F,90,,100,,,Non-toxic
10-METT-1.1,9/30/2004,10/1/2004,25.4,,F,85,,100,,,Non-toxic
10-MDBR-4.1,9/30/2004,10/1/2004,29.1,,F,98,,100,,,Non-toxic
10-WSBR-0.2,9/30/2004,10/1/2004,22.1,,F,74,,100,,,Non-toxic
17-CARM-9.0,9/27/2004,10/1/2004,31.1,,F,104,,100,,,Non-toxic
17-MASS-1.2,9/27/2004,10/1/2004,28.8,,F,97,,100,,,Non-toxic
17-BVDC-0.1,9/27/2004,10/1/2004,31.3,,F,105,,100,,,Non-toxic
17-CONQ-1.6,9/27/2004,10/1/2004,31.2,,F,105,,100,,,Non-toxic
17-PECN-7.6,9/27/2004,10/1/2004,31.9,,F,107,,100,,,Non-toxic
17-MIAN-13.3,9/27/2004,10/1/2004,34.2,,F,115,,100,,,Non-toxic
17-BLND-3.4,9/27/2004,10/1/2004,26.1,,F,88,,100,,,Non-toxic
17-BRNX-5.6,9/27/2004,10/1/2004,20.4,,T,69,,90,,,Slight
06-NANG_W-0.3,10/12/2004,10/15/2004,2.7,,T,14,,90,,,Slight
06-TOGH-29.8,10/12/2004,10/15/2004,28.6,,F,143,,100,,,Non-toxic
06-NANT-0.8,10/12/2004,10/15/2004,24.3,,F,122,,100,,,Non-toxic
06-PIPE-0.7,10/12/2004,10/15/2004,13.7,,F,69,,100,,,Non-toxic
06-SNAK-0.4,10/12/2004,10/15/2004,23.1,,F,116,,100,,,Non-toxic
06-CATA-1.7,10/12/2004,10/15/2004,24.7,,F,124,,100,,,Non-toxic
14-DELA-50.4,4/6/2005,4/8/2005,14.6,,F,58,,100,,,Non-toxic
14-NEVR-0.6,4/5/2005,4/8/2005,21.1,,F,83,,100,,,Non-toxic
14-NEVR-36.8,4/5/2005,4/8/2005,6.7,,T,26,,50,,T,Severe
14-BSHR-0.4,4/5/2005,4/8/2005,19.7,,F,78,,100,,,Non-toxic
14-SHEL-1.6,4/5/2005,4/8/2005,27.9,,F,110,,100,,,Non-toxic
14-EDEL-1.2,4/6/2005,4/8/2005,15.7,,F,62,,100,,,Non-toxic
14-EDEL-55.3,4/6/2005,4/8/2005,13.9,,F,55,,90,,,Non-toxic
14-BEAV-10.0,4/7/2005,4/8/2005,15.2,,F,60,,100,,,Non-toxic
14-WILL-0.5,4/7/2005,4/8/2005,15.8,,F,62,,90,,,Non-toxic
14-WDEL-1.3,4/6/2005,4/8/2005,14,,F,55,,100,,,Non-toxic
14-WDEL-57.9,4/6/2005,4/8/2005,23.8,,F,94,,100,,,Non-toxic
14-LDEL-0.1,4/6/2005,4/8/2005,16.2,,F,64,,80,,,Non-toxic
03-IRON-10.2,6/15/2005,6/17/2005,24.3,,F,88,,100,,,Non-toxic
04-OATK-1.5,6/13/2005,6/17/2005,21,,F,76,,90,,,Non-toxic
04-HONY-9.6,6/15/2005,6/17/2005,23.3,,F,84,,100,,,Non-toxic
04-LBLA-1.0,6/14/2005,6/17/2005,25.4,,F,92,,90,,,Non-toxic
04-UGNS-132.0,6/14/2005,6/17/2005,22.9,,F,83,,100,,,Non-toxic
04-CNEA-0.1,6/14/2005,6/17/2005,26.2,,F,95,,100,,,Non-toxic
04-DYKE-0.3,6/14/2005,6/17/2005,26.2,,F,95,,100,,,Non-toxic
04-EKOY-1.9,6/14/2005,6/17/2005,26.5,,F,96,,90,,,Non-toxic
04-RAGA-1.4,6/13/2005,6/17/2005,23.2,,F,84,,90,,,Non-toxic
09-REGI-7.8,6/15/2005,6/17/2005,26.3,,F,94,,100,,,Non-toxic
09-RAQU-43.8,6/16/2005,6/17/2005,25.4,,F,91,,100,,,Non-toxic
09-TOOK-0.1,6/15/2005,6/17/2005,23.3,,F,83,,100,,,Non-toxic
09-LITL-3.5,6/16/2005,6/17/2005,26.7,,F,95,,100,,,Non-toxic
09-ELMK-4.3,6/16/2005,6/17/2005,27.4,,F,98,,100,,,Non-toxic
09-GTCH-1.0,6/14/2005,6/17/2005,21.9,,F,78,,100,,,Non-toxic
09-MATO-0.3,6/14/2005,6/17/2005,27.7,,F,99,,100,,,Non-toxic
09-BLAP-0.8,6/14/2005,6/17/2005,25.7,,F,92,,100,,,Non-toxic
14-DELA-50.4,7/5/2005,7/8/2005,29.6,,F,88,,90,,,Non-toxic
14-NEVR-0.6,7/5/2005,7/8/2005,30.5,,F,91,,100,,,Non-toxic
14-NEVR-36.8,7/5/2005,7/8/2005,29.5,,F,88,,100,,,Non-toxic
14-BSHR-0.4,7/5/2005,7/8/2005,28.7,,F,86,,100,,,Non-toxic
14-SHEL-1.6,7/5/2005,7/8/2005,33.1,,F,99,,100,,,Non-toxic
14-EDEL-1.2,7/5/2005,7/8/2005,27.3,,F,82,,90,,,Non-toxic
14-EDEL-55.3,7/5/2005,7/8/2005,29.1,,F,87,,100,,,Non-toxic
14-BEAV-10.0,7/5/2005,7/8/2005,23.9,,F,71,,90,,,Non-toxic
14-WILL-0.5,7/5/2005,7/8/2005,24.8,,F,74,,90,,,Non-toxic
14-WDEL-1.3,7/5/2005,7/8/2005,34.3,,F,102,,100,,,Non-toxic
14-WDEL-57.9,7/5/2005,7/8/2005,32.2,,F,96,,100,,,Non-toxic
14-LDEL-0.1,7/5/2005,7/8/2005,28.7,,F,86,,100,,,Non-toxic
03-IRON-10.2,7/12/2005,7/15/2005,26.2,,F,98,,90,,,Non-toxic
04-GENS-2.6,7/12/2005,7/15/2005,23.6,,F,88,,100,,,Non-toxic
04-OATK-1.5,7/12/2005,7/15/2005,24.1,,F,90,,90,,,Non-toxic
04-HONY-9.6,7/11/2005,7/15/2005,23.6,,F,88,,90,,,Non-toxic
04-LBLA-1.0,7/12/2005,7/15/2005,20.9,,F,78,,100,,,Non-toxic
04-UGNS-132.0,7/11/2005,7/15/2005,21.8,,F,82,,90,,,Non-toxic
04-CNEA-0.1,7/11/2005,7/15/2005,22.3,,F,84,,90,,,Non-toxic
04-DYKE-0.3,7/11/2005,7/15/2005,23.7,,F,89,,100,,,Non-toxic
04-EKOY-1.9,7/11/2005,7/15/2005,21.4,,F,80,,90,,,Non-toxic
04-RAGA-1.4,7/11/2005,7/15/2005,22.7,,F,85,,90,,,Non-toxic
09-STLW-8.3,7/14/2005,7/15/2005,20.8,,T,69,,90,,,Slight
09-REGI-7.8,7/13/2005,7/15/2005,24.9,,F,83,,90,,,Non-toxic
09-CGAY-2.7,7/11/2005,7/15/2005,28.1,,F,93,,100,,,Non-toxic
09-LSAL-0.6,7/11/2005,7/15/2005,22.6,,T,75,,100,,,Insufficient Data
09-PIKC-0.9,7/11/2005,7/15/2005,22.6,,T,75,,100,,,Slight
09-LAWR-5.9,7/11/2005,7/15/2005,30.3,,F,101,,100,,,Non-toxic
09-RAQU-43.8,7/14/2005,7/15/2005,25.3,,F,84,,100,,,Non-toxic
09-TOOK-0.1,7/13/2005,7/15/2005,26.5,,F,88,,100,,,Non-toxic
09-LITL-3.5,7/14/2005,7/15/2005,29.4,,F,98,,100,,,Non-toxic
09-ELMK-4.3,7/1/2005,7/15/2005,29.9,,F,99,,100,,,Non-toxic
09-GTCH-1.0,7/12/2005,7/15/2005,23.9,,F,79,,100,,,Non-toxic
09-MATO-0.3,7/12/2005,7/15/2005,27.5,,F,91,,100,,,Non-toxic
09-BLAP-0.8,7/12/2005,7/15/2005,25.5,,F,85,,100,,,Non-toxic
14-DELA-50.4,10/11/2005,10/14/2005,13.8,,F,99,,100,,,Non-toxic
14-NEVR-0.6,10/12/2005,10/14/2005,12.5,,F,90,,100,,,Non-toxic
14-NEVR-36.8,10/12/2005,10/14/2005,14,,F,101,,100,,,Non-toxic
14-BSHR-0.4,10/12/2005,10/14/2005,12.6,,F,91,,100,,,Non-toxic
14-SHEL-1.6,10/12/2005,10/14/2005,11.8,,F,85,,90,,,Non-toxic
14-EDEL-1.2,10/11/2005,10/14/2005,10.8,,F,78,,100,,,Non-toxic
14-EDEL-55.3,10/11/2005,10/14/2005,12,,F,86,,100,,,Non-toxic
14-BEAV-10.0,10/11/2005,10/14/2005,10.6,,F,76,,100,,,Non-toxic
14-WILL-0.5,10/11/2005,10/14/2005,12.8,,F,92,,100,,,Non-toxic
14-WDEL-1.3,10/11/2005,10/14/2005,13.5,,F,97,,90,,,Non-toxic
14-WDEL-57.9,10/11/2005,10/14/2005,9.5,,F,68,,100,,,Non-toxic
14-LDEL-0.1,10/11/2005,10/14/2005,9.8,,F,71,,100,,,Non-toxic
03-IRON-10.2,10/19/2005,10/21/2005,14.8,,T,56,,100,,,Slight
04-GENS-2.6,10/18/2005,10/21/2005,21.9,,F,83,,100,,,Non-toxic
04-OATK-1.5,10/17/2005,10/21/2005,14.7,,T,56,,100,,,Slight
04-HONY-9.6,10/19/2005,10/21/2005,26.8,,F,102,,100,,,Non-toxic
04-LBLA-1.0,10/17/2005,10/21/2005,26.2,,F,99,,90,,,Non-toxic
04-UGNS-132.0,10/19/2005,10/21/2005,23.6,,F,89,,100,,,Non-toxic
04-CNEA-0.1,10/19/2005,10/21/2005,14.7,,T,56,,90,,,Slight
04-DYKE-0.3,10/19/2005,10/21/2005,24.2,,F,92,,90,,,Non-toxic
04-EKOY-1.9,10/19/2005,10/21/2005,4.3,,T,16,,50,,T,Severe
04-RAGA-1.4,10/17/2005,10/21/2005,23.6,,F,89,,90,,,Non-toxic
09-STLW-8.3,10/20/2005,10/21/2005,7.3,,T,31,,90,,,Slight
09-REGI-7.8,10/19/2005,10/21/2005,25.1,,F,108,,100,,,Non-toxic
09-RAQU-43.8,10/20/2005,10/21/2005,18.9,,F,81,,100,,,Non-toxic
09-TOOK-0.1,10/19/2005,10/21/2005,24.6,,F,106,,100,,,Non-toxic
09-LITL-3.5,10/20/2005,10/21/2005,21.3,,F,91,,100,,,Non-toxic
09-ELMK-4.3,10/18/2005,10/21/2005,20.9,,F,90,,100,,,Non-toxic
09-GTCH-1.0,10/18/2005,10/21/2005,16,,T,69,,90,,,Slight
09-MATO-0.3,10/17/2005,10/21/2005,23.1,,F,99,,100,,,Non-toxic
09-BLAP-0.8,10/18/2005,10/21/2005,21.7,,F,93,,100,,,Non-toxic
12-MOHK-64.6,4/24/2006,4/28/2006,31.9,,F,112,,100,,,Non-toxic
12-MOHK-98.9,4/27/2006,4/28/2006,29.9,,F,105,,100,,,Non-toxic
12-MOHK-104.9,4/27/2006,4/28/2006,30.9,,F,109,,100,,,Non-toxic
12-FULM-0.4,4/27/2006,4/28/2006,28.9,,F,102,,100,,,Non-toxic
12-OTSQ-8.9,4/24/2006,4/28/2006,29.3,,F,103,,100,,,Non-toxic
12-NCHU-0.8,4/25/2006,4/28/2006,33.1,,F,117,,100,,,Non-toxic
12-SCHU-0.3,4/25/2006,4/28/2006,34.9,,F,123,,100,,,Non-toxic
12-CARO-0.3,4/24/2006,4/28/2006,34.5,,F,122,,100,,,Non-toxic
12-SAUQ-1.6,4/27/2006,4/28/2006,29.2,,F,103,,100,,,Non-toxic
12-SPRC-2.5,4/24/2006,4/28/2006,30.1,,F,106,,100,,,Non-toxic
12-SPRT-0.2,4/24/2006,4/28/2006,26.2,,F,92,,100,,,Non-toxic
12-SCHO-0.5,4/25/2006,4/28/2006,32.3,,F,114,,100,,,Non-toxic
12-LSCH-0.4,4/26/2006,4/28/2006,29.7,,F,105,,100,,,Non-toxic
12-EAST-0.1,4/26/2006,4/28/2006,23.2,,F,82,,100,,,Non-toxic
12-CINC-3.4,4/25/2006,4/28/2006,31.7,,F,112,,100,,,Non-toxic
12-ORSK-0.9,4/25/2006,4/28/2006,31.6,,F,111,,100,,,Non-toxic
12-DEAN-2.4,4/25/2006,4/28/2006,28.7,,F,101,,100,,,Non-toxic
01-CAZE-1.1,5/2/2006,5/5/2006,28.5,,F,108,,100,,,Non-toxic
01-CATT-2.0,5/4/2006,5/5/2006,26.3,,F,100,,100,,,Non-toxic
01-NIAG-0.2,5/1/2006,5/5/2006,25.6,,F,97,,100,,,Non-toxic
01-TONA-19.6,5/1/2006,5/5/2006,27.7,,F,105,,100,,,Non-toxic
01-RANS-3.1,5/1/2006,5/5/2006,27.4,,F,104,,100,,,Non-toxic
01-MUDN-2.6,5/1/2006,5/5/2006,27.8,,F,105,,80,,,Non-toxic
01-LTON-3.7,5/1/2006,5/5/2006,28.6,,F,108,,100,,,Non-toxic
01-BUFF-1.7,5/2/2006,5/5/2006,27.3,,F,103,,100,,,Non-toxic
01-YUGA-3.9,5/2/2006,5/5/2006,29,,F,110,,100,,,Non-toxic
01-BUFC-2.2,5/2/2006,5/5/2006,30.5,,F,116,,100,,,Non-toxic
01-TEEN-0.4,5/2/2006,5/5/2006,28.5,,F,108,,100,,,Non-toxic
01-SMOK-2.4,5/1/2006,5/5/2006,29.7,,F,113,,100,,,Non-toxic
01-TEES-2.6,5/2/2006,5/5/2006,27.1,,F,103,,100,,,Non-toxic
01-CLAR-0.6,5/4/2006,5/5/2006,30.4,,F,115,,100,,,Non-toxic
01-CATT_S-12.6,5/4/2006,5/5/2006,27.3,,F,103,,100,,,Non-toxic
01-CWAY-0.2,5/4/2006,5/5/2006,26.5,,F,100,,100,,,Non-toxic
12-MOHK-64.6,7/3/2006,7/7/2006,20.4,,F,100,,100,,,Non-toxic
12-MOHK-98.9,7/5/2006,7/7/2006,15.5,,F,76,,90,,,Non-toxic
12-MOHK-104.9,7/5/2006,7/7/2006,16.7,,F,82,,90,,,Non-toxic
12-FULM-0.4,7/6/2006,7/7/2006,13.9,,F,68,,90,,,Non-toxic
12-OTSQ-8.9,7/3/2006,7/7/2006,14.8,,F,73,,90,,,Non-toxic
12-NCHU-0.8,7/5/2006,7/7/2006,17.6,,F,86,,100,,,Non-toxic
12-SCHU-0.3,7/6/2006,7/7/2006,17.1,,F,84,,100,,,Non-toxic
12-CARO-0.3,7/3/2006,7/7/2006,19.1,,F,94,,100,,,Non-toxic
12-SAUQ-1.6,7/5/2006,7/7/2006,13.3,,F,65,,90,,,Non-toxic
12-SPRC-2.5,7/3/2006,7/7/2006,18.4,,F,90,,100,,,Non-toxic
12-SPRT-0.2,7/3/2006,7/7/2006,20.1,,F,99,,100,,,Non-toxic
12-SCHO-0.5,7/5/2006,7/7/2006,20.6,,F,101,,100,,,Non-toxic
12-LSCH-0.4,7/6/2006,7/7/2006,14.8,,F,73,,100,,,Non-toxic
12-EAST-0.1,7/6/2006,7/7/2006,11.4,,F,56,,90,,,Non-toxic
12-CINC-3.4,7/5/2006,7/7/2006,17,,F,83,,100,,,Non-toxic
12-ORSK-0.9,7/6/2006,7/7/2006,15.8,,F,78,,100,,,Non-toxic
12-DEAN-2.4,7/6/2006,7/7/2006,17.2,,F,84,,90,,,Non-toxic
01-NIAG-0.2,7/12/2006,7/14/2006,16.4,,F,85,,100,,,Non-toxic
01-RANS-3.1,7/12/2006,7/14/2006,21.4,,F,112,,100,,,Non-toxic
01-MUDN-2.6,7/12/2006,7/14/2006,24.7,,F,129,,100,,,Non-toxic
01-BUFC-2.2,7/13/2006,7/14/2006,24,,F,125,,100,,,Non-toxic
01-TEEN-0.4,7/13/2006,7/14/2006,22.6,,F,118,,100,,,Non-toxic
01-SMOK-2.4,7/12/2006,7/14/2006,25.7,,F,134,,100,,,Non-toxic
01-TEES-2.6,7/13/2006,7/14/2006,23.2,,F,121,,100,,,Non-toxic
12-MOHK-64.6,9/20/2006,9/22/2006,17.8,,F,92,,100,,,Non-toxic
12-MOHK-98.9,9/19/2006,9/22/2006,19.9,,F,103,,100,,,Non-toxic
12-MOHK-104.9,9/19/2006,9/22/2006,22.1,,F,114,,90,,,Non-toxic
12-FULM-0.4,9/19/2006,9/22/2006,19.4,,F,100,,100,,,Non-toxic
12-OTSQ-8.9,9/20/2006,9/22/2006,10.9,,T,56,,70,,,Slight
12-NCHU-0.8,9/19/2006,9/22/2006,25.6,,F,132,,100,,,Non-toxic
12-SCHU-0.3,9/19/2006,9/22/2006,22.5,,F,116,,100,,,Non-toxic
12-CARO-0.3,9/20/2006,9/22/2006,23.8,,F,123,,100,,,Non-toxic
12-SAUQ-1.6,9/19/2006,9/22/2006,26.8,,F,138,,100,,,Non-toxic
12-SPRC-2.5,9/20/2006,9/22/2006,20.5,,F,106,,100,,,Non-toxic
12-SPRT-0.2,9/20/2006,9/22/2006,17.9,,F,92,,100,,,Non-toxic
12-SCHO-0.5,9/19/2006,9/22/2006,19.5,,F,101,,100,,,Non-toxic
12-LSCH-0.4,9/20/2006,9/22/2006,16.5,,F,85,,90,,,Non-toxic
12-EAST-0.1,9/20/2006,9/22/2006,16.5,,F,85,,100,,,Non-toxic
12-CINC-3.4,9/19/2006,9/22/2006,28.1,,F,145,,100,,,Non-toxic
12-ORSK-0.9,9/19/2006,9/22/2006,23.4,,F,121,,90,,,Non-toxic
12-DEAN-2.4,9/19/2006,9/22/2006,26.5,,F,137,,100,,,Non-toxic
01-CAZE-1.1,9/25/2006,9/29/2006,16.7,,F,83,,100,,,Non-toxic
01-CATT-2.0,9/26/2006,9/29/2006,16.6,,F,83,,100,,,Non-toxic
01-NIAG-0.2,9/27/2006,9/29/2006,14.2,,T,71,,100,,,Slight
01-TONA-19.6,9/27/2006,9/29/2006,11.6,,T,58,,100,,,Slight
01-RANS-3.1,9/27/2006,9/29/2006,16.8,,F,84,,100,,,Non-toxic
01-MUDN-2.6,9/27/2006,9/29/2006,16.2,,F,81,,100,,,Non-toxic
01-LTON-3.7,9/25/2006,9/29/2006,19.5,,F,97,,100,,,Non-toxic
01-BUFF-1.7,9/25/2006,9/29/2006,17.6,,F,88,,100,,,Non-toxic
01-YUGA-3.9,9/25/2006,9/29/2006,18.5,,F,92,,100,,,Non-toxic
01-BUFC-2.2,9/25/2006,9/29/2006,18.4,,F,92,,100,,,Non-toxic
01-TEEN-0.4,9/25/2006,9/29/2006,15.4,,F,77,,100,,,Non-toxic
01-SMOK-2.4,9/27/2006,9/29/2006,15.2,,T,76,,100,,,Slight
01-TEES-2.6,9/25/2006,9/29/2006,13.5,,T,67,,100,,,Slight
01-CLAR-0.6,9/26/2006,9/29/2006,18.7,,F,93,,100,,,Non-toxic
01-CATT_S-12.6,9/26/2006,9/29/2006,11.2,,T,56,,100,,,Slight
01-CWAY-0.2,9/26/2006,9/29/2006,18.2,,F,91,,100,,,Non-toxic
01-CAZE-1.1,10/18/2006,10/20/2006,27.3,,F,120,,100,,,Non-toxic
01-CATT-2.0,10/16/2006,10/20/2006,24.2,,F,106,,100,,,Non-toxic
01-NIAG-0.2,10/17/2006,10/20/2006,23.3,,F,102,,100,,,Non-toxic
01-TONA-19.6,10/17/2006,10/20/2006,28.9,,F,127,,100,,,Non-toxic
01-RANS-3.1,10/17/2006,10/20/2006,31.1,,F,136,,100,,,Non-toxic
01-MUDN-2.6,10/17/2006,10/20/2006,28.6,,F,125,,100,,,Non-toxic
01-LTON-3.7,10/16/2006,10/20/2006,24.7,,F,108,,100,,,Non-toxic
01-BUFF-1.7,10/18/2006,10/20/2006,25.9,,F,114,,100,,,Non-toxic
01-YUGA-3.9,10/18/2006,10/20/2006,28.3,,F,124,,100,,,Non-toxic
01-BUFC-2.2,10/18/2006,10/20/2006,27.8,,F,122,,90,,,Non-toxic
01-TEEN-0.4,10/18/2006,10/20/2006,29.6,,F,130,,100,,,Non-toxic
01-SMOK-2.4,10/17/2006,10/20/2006,27.3,,F,120,,100,,,Non-toxic
01-TEES-2.6,10/18/2006,10/20/2006,27.4,,F,120,,100,,,Non-toxic
01-CLAR-0.6,10/16/2006,10/20/2006,22.1,,F,97,,90,,,Non-toxic
01-CATT_S-12.6,10/16/2006,10/20/2006,23.6,,F,104,,100,,,Non-toxic
01-CWAY-0.2,10/16/2006,10/20/2006,24.1,,F,106,,100,,,Non-toxic
11-MORN-4.0,5/1/2007,5/4/2007,21.8,,F,87,,90,,,Non-toxic
11-HOOS-20.8,4/30/2007,5/4/2007,24.8,,F,99,,100,,,Non-toxic
11-WALL-6.2,4/30/2007,5/4/2007,25.2,,F,101,,100,,,Non-toxic
11-TOMH-0.1,4/30/2007,5/4/2007,21.8,,F,87,,100,,,Non-toxic
11-BATT-10.2,4/30/2007,5/4/2007,23.9,,F,96,,90,,,Non-toxic
11-SACN-0.1,5/1/2007,5/4/2007,24.3,,F,97,,100,,,Non-toxic
11-WSTN-0.1,5/1/2007,5/4/2007,7.7,,T,31,,100,,,Slight
02-ALGY-20.3,4/30/2007,5/4/2007,24.1,,F,111,,100,,,Non-toxic
02-DODG-1.0,5/1/2007,5/4/2007,22.5,,F,104,,100,,,Non-toxic
02-TUNG-1.3,5/1/2007,5/4/2007,22.6,,F,104,,100,,,Non-toxic
02-OLEA-3.9,5/1/2007,5/4/2007,22.5,,F,104,,90,,,Non-toxic
02-QRUN-0.3,4/30/2007,5/4/2007,19,,F,88,,100,,,Non-toxic
02-ISCH-2.2,5/1/2007,5/4/2007,22.3,,F,103,,100,,,Non-toxic
02-WANG-20.9,4/30/2007,5/4/2007,24.3,,F,112,,100,,,Non-toxic
02-CASS-12.5,4/30/2007,5/4/2007,22.1,,F,102,,100,,,Non-toxic
03-NIMI-0.8,5/1/2007,5/4/2007,23.1,,F,105,,100,,,Non-toxic
03-SALM-7.8,5/1/2007,5/4/2007,1.4,,T,6,,20,,T,Severe
07-OSWE-5.2,5/1/2007,5/4/2007,21.3,,F,97,,100,,,Non-toxic
07-SEOS-22.4,4/30/2007,5/4/2007,16.1,,T,73,,100,,,Slight
07-LEY-0.4,4/30/2007,5/4/2007,23.1,,F,105,,100,,,Non-toxic
07-BNUT-20.6,4/30/2007,5/4/2007,21.6,,F,98,,100,,,Non-toxic
07-LIME-2.8,4/30/2007,5/4/2007,17.8,,F,81,,80,,,Non-toxic
07-CAYG-1.1,5/3/2007,5/4/2007,18.4,,F,84,,100,,,Non-toxic
07-OWLI-3.0,5/3/2007,5/4/2007,19.7,,F,90,,100,,,Non-toxic
07-SKAN-2.2,4/30/2007,5/4/2007,21.1,,F,96,,100,,,Non-toxic
03-SDUS-2.5,5/7/2007,5/11/2007,24.6,,F,117,,90,,,Non-toxic
07-WFSHO_E-2.9,5/8/2007,5/11/2007,27.9,,F,133,,100,,,Non-toxic
07-FLNT-3.6,5/8/2007,5/11/2007,28.3,,F,135,,90,,,Non-toxic
07-SEOS-53.0,5/8/2007,5/11/2007,23.5,,F,112,,100,,,Non-toxic
11-MORN-4.0,9/4/2007,9/7/2007,20.5,,F,114,,90,,,Non-toxic
11-HOOS-20.8,9/4/2007,9/7/2007,18.4,,F,102,,100,,,Non-toxic
11-WALL-6.2,9/4/2007,9/7/2007,22.4,,F,124,,100,,,Non-toxic
11-TOMH-0.1,9/4/2007,9/7/2007,22.2,,F,123,,80,,,Non-toxic
11-BATT-10.2,9/4/2007,9/7/2007,23.4,,F,130,,100,,,Non-toxic
11-SACN-0.1,9/6/2007,9/7/2007,21.9,,F,122,,90,,,Non-toxic
11-WSTN-0.1,9/6/2007,9/7/2007,19.6,,F,109,,100,,,Non-toxic
02-DODG-1.0,9/5/2007,9/7/2007,28.2,,F,152,,100,,,Non-toxic
02-TUNG-1.3,9/5/2007,9/7/2007,25.7,,F,139,,100,,,Non-toxic
02-OLEA-3.9,9/5/2007,9/7/2007,28.8,,F,156,,100,,,Non-toxic
02-QRUN-0.3,9/4/2007,9/7/2007,24.7,,F,134,,100,,,Non-toxic
02-ISCH-2.2,9/5/2007,9/7/2007,22.9,,F,124,,90,,,Non-toxic
02-WANG-20.9,9/4/2007,9/7/2007,24.1,,F,130,,100,,,Non-toxic
02-CASS-12.5,9/4/2007,9/7/2007,18.8,,F,102,,100,,,Non-toxic
03-NIMI-0.8,9/12/2007,9/14/2007,20.6,,F,76,,90,,,Non-toxic
03-SDUS-2.5,9/10/2007,9/14/2007,23.5,,F,87,,80,,,Non-toxic
03-SALM-7.8,9/10/2007,9/14/2007,21.7,,F,80,,80,,,Non-toxic
07-LEY-0.4,9/11/2007,9/14/2007,33.9,,F,125,,100,,,Non-toxic
07-WFSHO_E-2.9,9/10/2007,9/14/2007,27.8,,F,103,,100,,,Non-toxic
07-BNUT-20.6,9/11/2007,9/14/2007,25.6,,F,95,,100,,,Non-toxic
07-LIME-2.8,9/11/2007,9/14/2007,24.1,,F,89,,70,,,Non-toxic
07-FLNT-3.6,9/12/2007,9/14/2007,24.5,,F,90,,90,,,Non-toxic
07-SEOS-53.0,9/12/2007,9/14/2007,20,,F,74,,100,,,Non-toxic
07-CAYG-1.1,9/12/2007,9/14/2007,22.4,,F,83,,80,,,Non-toxic
07-OWLI-3.0,9/12/2007,9/14/2007,28.9,,F,107,,90,,,Non-toxic
07-SKAN-2.2,9/11/2007,9/14/2007,19.9,,F,73,,90,,,Non-toxic
11-MORN-4.0,10/16/2007,10/19/2007,22.6,,F,129,,100,,,Non-toxic
11-HOOS-20.8,10/15/2007,10/19/2007,20.5,,F,117,,100,,,Non-toxic
11-WALL-6.2,10/15/2007,10/19/2007,21.5,,F,123,,100,,,Non-toxic
11-TOMH-0.1,10/16/2007,10/19/2007,22.2,,F,127,,100,,,Non-toxic
11-BATT-10.2,10/15/2007,10/19/2007,21.9,,F,125,,100,,,Non-toxic
11-SACN-0.1,10/15/2007,10/19/2007,23.6,,F,135,,100,,,Non-toxic
11-WSTN-0.1,10/15/2007,10/19/2007,22.4,,F,128,,100,,,Non-toxic
02-ALGY-20.3,10/17/2007,10/19/2007,22.6,,F,114,,100,,,Non-toxic
02-DODG-1.0,10/16/2007,10/19/2007,22.4,,F,113,,100,,,Non-toxic
02-TUNG-1.3,10/16/2007,10/19/2007,19.3,,F,98,,100,,,Non-toxic
02-OLEA-3.9,10/16/2007,10/19/2007,20.9,,F,106,,100,,,Non-toxic
02-QRUN-0.3,10/17/2007,10/19/2007,20,,F,101,,100,,,Non-toxic
02-ISCH-2.2,10/16/2007,10/19/2007,21.3,,F,108,,100,,,Non-toxic
02-WANG-20.9,10/17/2007,10/19/2007,21.1,,F,107,,100,,,Non-toxic
02-CASS-12.5,10/17/2007,10/19/2007,21.2,,F,107,,90,,,Non-toxic
03-NIMI-0.8,10/23/2007,10/26/2007,24.4,,F,106,,100,,,Non-toxic
03-SDUS-2.5,10/23/2007,10/26/2007,15.6,,F,68,,40,,T,Moderate
03-SALM-7.8,10/22/2007,10/26/2007,25.8,,F,112,,80,,,Non-toxic
07-OSWE-5.2,10/22/2007,10/26/2007,12.7,,T,55,,80,,,Slight
07-SEOS-22.4,10/23/2007,10/26/2007,26.9,,F,117,,100,,,Non-toxic
07-LEY-0.4,10/23/2007,10/26/2007,20.6,,F,90,,80,,,Non-toxic
07-WFSHO_E-2.9,10/23/2007,10/26/2007,29.7,,F,129,,100,,,Non-toxic
07-BNUT-20.6,10/23/2007,10/26/2007,22,,F,96,,70,,,Non-toxic
07-LIME-2.8,10/23/2007,10/26/2007,20.7,,F,90,,80,,,Non-toxic
07-FLNT-3.6,10/22/2007,10/26/2007,20.4,,F,89,,60,,T,Moderate
07-SEOS-53.0,10/22/2007,10/26/2007,19.9,,F,87,,100,,,Non-toxic
07-CAYG-1.1,10/24/2007,10/26/2007,22.9,,F,100,,90,,,Non-toxic
07-OWLI-3.0,10/24/2007,10/26/2007,26.6,,F,116,,100,,,Non-toxic
07-SKAN-2.2,10/23/2007,10/26/2007,25.3,,F,110,,80,,,Non-toxic
13-LHUD-66.3,4/28/2008,5/2/2008,1.5,,T,7,,40,,T,Severe
13-LHUD-120.2,4/30/2008,5/2/2008,28.7,,F,135,,100,,,Non-toxic
13-QUAS-0.1,4/30/2008,5/2/2008,28.3,,F,134,,100,,,Non-toxic
13-WYNT-2.9,4/30/2008,5/2/2008,23.8,,F,112,,100,,,Non-toxic
13-PEEK-3.7,4/30/2008,5/2/2008,29.1,,F,137,,100,,,Non-toxic
13-ONES-0.6,4/30/2008,5/2/2008,1.2,,T,6,,10,,T,Severe
13-CROM-0.6,4/29/2008,5/2/2008,26.7,,F,126,,80,,,Non-toxic
13-QKER-1.0,4/29/2008,5/2/2008,29.7,,F,140,,100,,,Non-toxic
13-ROLF-2.4,4/29/2008,5/2/2008,23.8,,F,112,,100,,,Non-toxic
13-BASC-0.4,4/28/2008,5/2/2008,4.9,,T,23,,50,,T,Severe
13-VLAT-15.6,4/29/2008,5/2/2008,30,,F,142,,90,,,Non-toxic
13-KLIN-0.1,4/29/2008,5/2/2008,28.1,,F,133,,100,,,Non-toxic
13-NORM-7.3,4/30/2008,5/2/2008,29.7,,F,140,,100,,,Non-toxic
15-RAMA-1.1,4/29/2008,5/2/2008,23.7,,F,112,,90,,,Non-toxic
15-HACK-2.8,4/29/2008,5/2/2008,21.8,,F,103,,100,,,Non-toxic
16-GREE-2.5,4/29/2008,5/2/2008,5.6,,T,26,,50,,T,Severe
16-SWMP-0.2,4/30/2008,5/2/2008,27.6,,F,130,,100,,,Non-toxic
16-WASS-1.2,4/30/2008,5/2/2008,28.4,,F,134,,100,,,Non-toxic
05-CHEM-5.4,5/5/2008,5/9/2008,24.4,,F,87,,90,,,Non-toxic
05-CDEA-1.8,5/6/2008,5/9/2008,30.3,,F,108,,100,,,Non-toxic
03-SAND-2.7,5/5/2008,5/9/2008,28.8,,F,130,,100,,,Non-toxic
05-NEWT-1.2,5/5/2008,5/9/2008,19.2,,F,68,,90,,,Non-toxic
05-COHO-5.9,5/5/2008,5/9/2008,30.1,,F,107,,100,,,Non-toxic
05-STEO-9.7,5/6/2008,5/9/2008,30.6,,F,109,,90,,,Non-toxic
05-STEO-33.9,5/6/2008,5/9/2008,29.1,,F,104,,100,,,Non-toxic
05-COWS-0.6,5/5/2008,5/9/2008,18,,F,64,,100,,,Non-toxic
05-BGCK-0.6,5/6/2008,5/9/2008,14.5,,T,52,,70,,,Slight
05-PURD-0.2,5/6/2008,5/9/2008,8.1,,T,29,,50,,T,Severe
08-BLCK-1.4,5/5/2008,5/9/2008,33.4,,F,151,,100,,,Non-toxic
08-BLCK-88.1,5/7/2008,5/9/2008,14.1,,F,64,,80,,,Non-toxic
08-BEEV-0.8,5/6/2008,5/9/2008,7.8,,T,36,,80,,,Slight
08-INDY-4.6,5/6/2008,5/9/2008,6.9,,T,31,,80,,,Slight
08-LBLK-1.9,5/7/2008,5/9/2008,6.4,,T,29,,70,,,Slight
08-ROAR-2.0,5/6/2008,5/9/2008,19.4,,F,88,,90,,,Non-toxic
08-MOOS-16.8,5/7/2008,5/9/2008,6.3,,T,29,,70,,,Slight
08-PINC-0.4,5/6/2008,5/9/2008,8.8,,T,40,,80,,,Slight
13-QUAS-0.1,7/30/2008,8/1/2008,25.2,,F,87,,90,,,Non-toxic
13-WYNT-2.9,7/29/2008,8/1/2008,24.9,,F,86,,100,,,Non-toxic
13-PEEK-3.7,7/30/2008,8/1/2008,24.1,,F,83,,100,,,Non-toxic
13-ONES-0.6,7/29/2008,8/1/2008,25.2,,F,87,,90,,,Non-toxic
13-CROM-0.6,7/28/2008,8/1/2008,20.8,,F,72,,100,,,Non-toxic
13-QKER-1.0,7/28/2008,8/1/2008,29.2,,F,101,,100,,,Non-toxic
13-ROLF-2.4,7/28/2008,8/1/2008,28.4,,F,98,,90,,,Non-toxic
13-BASC-0.4,7/29/2008,8/1/2008,26.2,,F,90,,90,,,Non-toxic
13-VLAT-15.6,7/28/2008,8/1/2008,26.7,,F,92,,100,,,Non-toxic
13-KLIN-0.1,7/28/2008,8/1/2008,27.8,,F,96,,100,,,Non-toxic
13-NORM-7.3,7/29/2008,8/1/2008,29.7,,F,102,,100,,,Non-toxic
15-RAMA-1.1,7/28/2008,8/1/2008,27,,F,93,,90,,,Non-toxic
15-HACK-2.8,7/28/2008,8/1/2008,31.5,,F,109,,100,,,Non-toxic
16-GREE-2.5,7/28/2008,8/1/2008,26.8,,F,92,,80,,,Non-toxic
16-SWMP-0.2,7/30/2008,8/1/2008,27.5,,F,95,,90,,,Non-toxic
16-WASS-1.2,7/30/2008,8/1/2008,25.5,,F,88,,100,,,Non-toxic
05-CDEA-1.8,8/6/2008,8/8/2008,27.4,,F,140,,100,,,Non-toxic
03-SAND-2.7,8/4/2008,8/8/2008,23.6,,F,130,,100,,,Non-toxic
05-NEWT-1.2,8/5/2008,8/8/2008,19,,F,97,,90,,,Non-toxic
05-COHO-5.9,8/5/2008,8/8/2008,27.8,,F,142,,100,,,Non-toxic
05-STEO-9.7,8/5/2008,8/8/2008,26.2,,F,134,,100,,,Non-toxic
05-STEO-33.9,8/6/2008,8/8/2008,22.5,,F,115,,100,,,Non-toxic
05-COWS-0.6,8/5/2008,8/8/2008,25,,F,128,,100,,,Non-toxic
05-BGCK-0.6,8/6/2008,8/8/2008,17.5,,F,89,,80,,,Non-toxic
05-PURD-0.2,8/6/2008,8/8/2008,24.5,,F,125,,100,,,Non-toxic
08-BLCK-88.1,8/6/2008,8/8/2008,30.8,,F,169,,100,,,Non-toxic
08-BEEV-0.8,8/5/2008,8/8/2008,24.2,,F,133,,90,,,Non-toxic
08-INDY-4.6,8/5/2008,8/8/2008,27,,F,148,,100,,,Non-toxic
08-LBLK-1.9,8/6/2008,8/8/2008,27.3,,F,150,,100,,,Non-toxic
08-ROAR-2.0,8/5/2008,8/8/2008,24,,F,132,,80,,,Non-toxic
08-MOOS-16.8,8/6/2008,8/8/2008,26.4,,F,145,,100,,,Non-toxic
08-PINC-0.4,8/5/2008,8/8/2008,27.3,,F,150,,100,,,Non-toxic
05-CDEA-1.8,9/24/2008,9/26/2008,28.2,,F,111,,100,,,Non-toxic
03-SAND-2.7,9/23/2008,9/26/2008,27.6,,F,96,,100,,,Non-toxic
05-NEWT-1.2,9/23/2008,9/26/2008,26.6,,F,104,,100,,,Non-toxic
05-COHO-5.9,9/23/2008,9/26/2008,25.4,,F,100,,100,,,Non-toxic
05-STEO-9.7,9/23/2008,9/26/2008,30.8,,F,121,,100,,,Non-toxic
05-STEO-33.9,9/24/2008,9/26/2008,29.6,,F,116,,100,,,Non-toxic
05-COWS-0.6,9/23/2008,9/26/2008,20.7,,F,81,,80,,,Non-toxic
05-BGCK-0.6,9/24/2008,9/26/2008,19.1,,F,75,,70,,,Non-toxic
05-PURD-0.2,9/24/2008,9/26/2008,17.5,,T,69,,100,,,Slight
08-BLCK-88.1,9/23/2008,9/26/2008,28.5,,F,99,,100,,,Non-toxic
08-BEEV-0.8,9/23/2008,9/26/2008,25.8,,F,89,,100,,,Non-toxic
08-INDY-4.6,9/23/2008,9/26/2008,24.4,,F,84,,100,,,Non-toxic
08-LBLK-1.9,9/24/2008,9/26/2008,25.7,,F,89,,100,,,Non-toxic
08-ROAR-2.0,9/23/2008,9/26/2008,28.3,,F,98,,100,,,Non-toxic
08-MOOS-16.8,9/24/2008,9/26/2008,27.8,,F,96,,100,,,Non-toxic
08-PINC-0.4,9/23/2008,9/26/2008,24.7,,F,86,,100,,,Non-toxic
13-LHUD-66.3,10/29/2008,10/31/2008,23.9,,F,110,,100,,,Non-toxic
13-LHUD-120.2,10/29/2008,10/31/2008,20.6,,F,95,,90,,,Non-toxic
13-QUAS-0.1,10/29/2008,10/31/2008,28.8,,F,133,,100,,,Non-toxic
13-WYNT-2.9,10/28/2008,10/31/2008,24.2,,F,112,,100,,,Non-toxic
13-PEEK-3.7,10/29/2008,10/31/2008,29.3,,F,135,,100,,,Non-toxic
13-ONES-0.6,10/28/2008,10/31/2008,20.4,,F,94,,70,,,Non-toxic
13-CROM-0.6,10/30/2008,10/31/2008,23.9,,F,110,,100,,,Non-toxic
13-QKER-1.0,10/30/2008,10/31/2008,26.9,,F,124,,100,,,Non-toxic
13-ROLF-2.4,10/27/2008,10/31/2008,23.7,,F,109,,100,,,Non-toxic
13-BASC-0.4,10/28/2008,10/31/2008,26.9,,F,124,,100,,,Non-toxic
13-VLAT-15.6,10/27/2008,10/31/2008,27.2,,F,125,,100,,,Non-toxic
13-KLIN-0.1,10/27/2008,10/31/2008,22.1,,F,102,,80,,,Non-toxic
13-NORM-7.3,10/28/2008,10/31/2008,23,,F,106,,100,,,Non-toxic
15-RAMA-1.1,10/30/2008,10/31/2008,25,,F,115,,100,,,Non-toxic
15-HACK-2.8,10/30/2008,10/31/2008,22.4,,F,103,,100,,,Non-toxic
16-GREE-2.5,10/27/2008,10/31/2008,26.2,,F,121,,100,,,Non-toxic
16-SWMP-0.2,10/29/2008,10/31/2008,26.7,,F,123,,100,,,Non-toxic
16-WASS-1.2,10/29/2008,10/31/2008,24,,F,111,,90,,,Non-toxic
17-CARL-0.8,4/27/2009,5/1/2009,25.1,,F,90,,100,,,Non-toxic
17-PECN-7.6,4/28/2009,5/1/2009,29.2,,F,105,,100,,,Non-toxic
17-MAMR-0.3,4/28/2009,5/1/2009,27.9,,F,100,,100,,,Non-toxic
17-BLND-3.4,4/28/2009,5/1/2009,31.2,,F,112,,100,,,Non-toxic
17-BVBR-0.3,4/27/2009,5/1/2009,21.1,,F,76,,100,,,Non-toxic
06-USSQ-154.7,4/28/2009,5/1/2009,27,,F,92,,100,,,Non-toxic
06-DILA-54.7,4/28/2009,5/1/2009,30.4,,F,103,,90,,,Non-toxic
06-BVIL-2.2,4/27/2009,5/1/2009,29.9,,F,102,,100,,,Non-toxic
06-NVUS-0.9,4/28/2009,5/1/2009,29.4,,F,100,,100,,,Non-toxic
06-CHAR-9.5,4/27/2009,5/1/2009,28.9,,F,98,,100,,,Non-toxic
06-OAKS-0.7,4/28/2009,5/1/2009,30.5,,F,104,,100,,,Non-toxic
06-PROP-0.1,4/29/2009,5/1/2009,27.7,,F,94,,100,,,Non-toxic
06-NANG-0.7,4/28/2009,5/1/2009,27.9,,F,95,,100,,,Non-toxic
06-CSTL-0.9,4/28/2009,5/1/2009,31.1,,F,106,,100,,,Non-toxic
06-SUSQ-6.9,4/29/2009,5/1/2009,26.7,,F,91,,100,,,Non-toxic
06-OWGO-0.3,4/29/2009,5/1/2009,30,,F,102,,100,,,Non-toxic
06-CHOC-0.5,4/28/2009,5/1/2009,28.5,,F,97,,100,,,Non-toxic
06-CAYU-15.5,4/29/2009,5/1/2009,23.6,,F,80,,100,,,Non-toxic
10-GCHZ-29.4,5/4/2009,5/8/2009,25.2,,F,115,,100,,,Non-toxic
10-GCHZ_N-0.5,5/4/2009,5/8/2009,27.1,,F,124,,100,,,Non-toxic
10-SARA-0.9,5/6/2009,5/8/2009,27.5,,F,126,,100,,,Non-toxic
10-TWOB-1.3,5/4/2009,5/8/2009,28.1,,F,128,,100,,,Non-toxic
10-SABL-2.2,5/6/2009,5/8/2009,24.2,,F,111,,100,,,Non-toxic
10-BLAR-1.1,5/7/2009,5/8/2009,22.7,,F,104,,80,,,Non-toxic
10-SABL_E-17.2,5/7/2009,5/8/2009,23.8,,F,109,,100,,,Non-toxic
10-PUTM-13.2,5/7/2009,5/8/2009,26.2,,F,120,,100,,,Non-toxic
10-CHMP-1.1,5/6/2009,5/8/2009,20.1,,F,92,,60,,,Non-toxic
10-MDAU-4.0,5/6/2009,5/8/2009,29.8,,F,136,,100,,,Non-toxic
10-CHMP-6.3,5/6/2009,5/8/2009,22,,F,101,,100,,,Non-toxic
10-BIGC-1.7,5/6/2009,5/8/2009,27.7,,F,127,,100,,,Non-toxic
10-BISH-0.6,5/6/2009,5/8/2009,20.1,,F,92,,80,,,Non-toxic
17-CARL-0.8,8/18/2009,8/21/2009,16.9,,F,86,,90,,,Non-toxic
17-PECN-7.6,8/18/2009,8/21/2009,19.9,,F,102,,100,,,Non-toxic
17-BVBR-0.3,8/18/2009,8/21/2009,11.6,,T,59,,100,,,Slight
06-USSQ-154.7,8/17/2009,8/21/2009,15.6,,F,101,,100,,,Non-toxic
06-DILA-54.7,8/17/2009,8/21/2009,10,,F,65,,100,,,Non-toxic
06-BVIL-2.2,8/18/2009,8/21/2009,13.2,,F,85,,90,,,Non-toxic
06-NVUS-0.9,8/18/2009,8/21/2009,15.1,,F,97,,100,,,Non-toxic
06-CHAR-9.5,8/18/2009,8/21/2009,10.4,,F,67,,100,,,Non-toxic
06-OAKS-0.7,8/17/2009,8/21/2009,12.6,,F,81,,100,,,Non-toxic
06-PROP-0.1,8/18/2009,8/21/2009,12.8,,F,83,,90,,,Non-toxic
06-NANG_W-0.3,8/19/2009,8/21/2009,14,,F,90,,90,,,Non-toxic
06-CSTL-0.9,8/17/2009,8/21/2009,14.6,,F,94,,100,,,Non-toxic
06-SANG-2.9,8/19/2009,8/21/2009,14.2,,F,92,,100,,,Non-toxic
06-HUNC-1.5,8/19/2009,8/21/2009,17.6,,F,114,,100,,,Non-toxic
06-OWGO-0.3,8/18/2009,8/21/2009,14.1,,F,91,,90,,,Non-toxic
06-CHOC-0.5,8/17/2009,8/21/2009,12.5,,F,81,,100,,,Non-toxic
06-CAYU-15.5,8/18/2009,8/21/2009,18.7,,F,121,,100,,,Non-toxic
10-GCHZ-29.4,8/25/2009,8/28/2009,19.6,,F,117,,70,,,Non-toxic
10-GCHZ_N-0.5,8/25/2009,8/28/2009,19.3,,F,116,,90,,,Non-toxic
10-SARA-0.9,8/26/2009,8/28/2009,19.5,,F,117,,90,,,Non-toxic
10-TWOB-1.3,8/25/2009,8/28/2009,22.1,,F,132,,100,,,Non-toxic
10-SABL-2.2,8/26/2009,8/28/2009,23.3,,F,140,,100,,,Non-toxic
10-BLAR-1.1,8/25/2009,8/28/2009,21.5,,F,129,,100,,,Non-toxic
10-SABL_E-17.2,8/25/2009,8/28/2009,20.8,,F,125,,100,,,Non-toxic
10-PUTM-13.2,8/25/2009,8/28/2009,20.2,,F,121,,80,,,Non-toxic
10-CHMP-1.1,8/26/2009,8/28/2009,19.1,,F,114,,80,,,Non-toxic
10-MDAU-4.0,8/26/2009,8/28/2009,14.4,,F,86,,80,,,Non-toxic
10-CHMP-6.3,8/26/2009,8/28/2009,19.3,,F,116,,100,,,Non-toxic
10-BIGC-1.7,8/26/2009,8/28/2009,10,,F,60,,80,,,Non-toxic
10-BISH-0.6,8/26/2009,8/28/2009,19.1,,F,114,,90,,,Non-toxic
17-MAMR-0.3,8/24/2009,8/28/2009,21.6,,F,94,,90,,,Non-toxic
17-BLND-3.4,8/24/2009,8/28/2009,23.8,,F,104,,80,,,Non-toxic
17-CARL-0.8,10/19/2009,10/23/2009,26.2,,F,125,,100,,,Non-toxic
17-PECN-7.6,10/20/2009,10/23/2009,26.5,,F,126,,100,,,Non-toxic
17-MAMR-0.3,10/20/2009,10/23/2009,23.3,,F,111,,100,,,Non-toxic
17-BLND-3.4,10/20/2009,10/23/2009,23.9,,F,114,,100,,,Non-toxic
17-BVBR-0.3,10/19/2009,10/23/2009,26.5,,F,126,,100,,,Non-toxic
06-USSQ-154.7,10/20/2009,10/23/2009,24.1,,F,139,,100,,,Non-toxic
06-DILA-54.7,10/20/2009,10/23/2009,20.8,,F,120,,70,,,Non-toxic
06-BVIL-2.2,10/19/2009,10/23/2009,23.2,,F,133,,100,,,Non-toxic
06-NVUS-0.9,10/20/2009,10/23/2009,26,,F,149,,100,,,Non-toxic
06-CHAR-9.5,10/19/2009,10/23/2009,26.4,,F,152,,100,,,Non-toxic
06-OAKS-0.7,10/20/2009,10/23/2009,25,,F,144,,100,,,Non-toxic
06-PROP-0.1,10/21/2009,10/23/2009,22.6,,F,130,,100,,,Non-toxic
06-NANG-0.7,10/19/2009,10/23/2009,24.1,,F,139,,100,,,Non-toxic
06-NANG_W-0.3,10/20/2009,10/23/2009,17.9,,F,103,,100,,,Non-toxic
06-CSTL-0.9,10/19/2009,10/23/2009,23,,F,132,,100,,,Non-toxic
06-SANG-2.9,10/20/2009,10/23/2009,25.4,,F,146,,100,,,Non-toxic
06-HUNC-1.5,10/20/2009,10/23/2009,25.7,,F,148,,100,,,Non-toxic
06-SUSQ-6.9,10/21/2009,10/23/2009,29.3,,F,168,,100,,,Non-toxic
06-OWGO-0.3,10/21/2009,10/23/2009,24.6,,F,141,,100,,,Non-toxic
06-CHOC-0.5,10/19/2009,10/23/2009,22,,F,126,,100,,,Non-toxic
06-CAYU-15.5,10/21/2009,10/23/2009,22.9,,F,132,,100,,,Non-toxic
10-GCHZ-29.4,10/26/2009,10/30/2009,18.8,,F,118,,80,,,Non-toxic
10-GCHZ_N-0.5,10/26/2009,10/30/2009,23.9,,F,149,,100,,,Non-toxic
10-TWOB-1.3,10/26/2009,10/30/2009,23.9,,F,149,,90,,,Non-toxic
10-SABL-2.2,10/28/2009,10/30/2009,21.7,,F,136,,100,,,Non-toxic
10-BLAR-1.1,10/28/2009,10/30/2009,22.6,,F,141,,100,,,Non-toxic
10-SABL_E-17.2,10/28/2009,10/30/2009,23.8,,F,149,,100,,,Non-toxic
10-PUTM-13.2,10/28/2009,10/30/2009,22.4,,F,140,,100,,,Non-toxic
10-CHMP-1.1,10/27/2009,10/30/2009,19.5,,F,122,,90,,,Non-toxic
10-MDAU-4.0,10/28/2009,10/30/2009,23,,F,144,,90,,,Non-toxic
10-CHMP-6.3,10/27/2009,10/30/2009,17.7,,F,111,,100,,,Non-toxic
10-BIGC-1.7,10/27/2009,10/30/2009,21.3,,F,133,,100,,,Non-toxic
10-BISH-0.6,10/27/2009,10/30/2009,21.5,,F,134,,100,,,Non-toxic
04-CRYD-2.3,4/26/2010,4/30/2010,23.2,,F,109,,100,,,Non-toxic
14-DELA-50.4,4/26/2010,4/30/2010,20.6,,F,104,,90,,,Non-toxic
14-HAFY-0.2,4/28/2010,4/30/2010,20.7,,F,105,,90,,,Non-toxic
14-MONG_M-0.3,4/26/2010,4/30/2010,23.9,,F,121,,100,,,Non-toxic
14-MONG_W-0.2,4/26/2010,4/30/2010,24.2,,F,122,,100,,,Non-toxic
14-TENR_E-1.4,4/28/2010,4/30/2010,23.2,,F,117,,100,,,Non-toxic
14-BSHR-3.7,4/8/2010,4/30/2010,22.6,,F,114,,100,,,Non-toxic
14-UNVR_W-0.4,4/27/2010,4/30/2010,18.1,,F,91,,90,,,Non-toxic
14-UNVR_E-0.2,4/27/2010,4/30/2010,16.4,,F,83,,100,,,Non-toxic
14-PINE-3.9,4/27/2010,4/30/2010,22.9,,F,116,,100,,,Non-toxic
14-WDEL-75.7,4/27/2010,4/30/2010,23.8,,F,120,,100,,,Non-toxic
14-LDEL-0.1,4/27/2010,4/30/2010,22.2,,F,112,,90,,,Non-toxic
03-ORCH-21.6,4/28/2010,4/30/2010,22,,F,95,,60,,,Non-toxic
04-GENS-2.6,4/28/2010,4/30/2010,25.1,,F,118,,100,,,Non-toxic
04-SPRG-0.3,4/29/2010,4/30/2010,17.4,,F,82,,100,,,Non-toxic
04-SILO-3.6,4/29/2010,4/30/2010,19.6,,F,92,,90,,,Non-toxic
04-CLCK-0.2,4/27/2010,4/30/2010,18,,F,85,,100,,,Non-toxic
04-BLCB-2.0,4/27/2010,4/30/2010,22.9,,F,108,,100,,,Non-toxic
04-VCAM-0.4,4/27/2010,4/30/2010,21.8,,F,102,,100,,,Non-toxic
04-PHIP-0.1,4/26/2010,4/30/2010,15.9,,F,75,,90,,,Non-toxic
04-KNIT-0.3,4/26/2010,4/30/2010,20.8,,F,98,,100,,,Non-toxic
10-RICH-1.6,5/3/2010,5/7/2010,24,,F,105,,100,,,Non-toxic
09-REGI-2.8,5/4/2010,5/7/2010,25.8,,F,113,,100,,,Non-toxic
09-REGI-7.8,5/4/2010,5/7/2010,28.1,,F,123,,100,,,Non-toxic
09-ENGL-2.5,5/3/2010,5/7/2010,22.3,,F,97,,100,,,Non-toxic
09-REGI_W-2.7,5/3/2010,5/7/2010,25.6,,F,112,,100,,,Non-toxic
09-LSAL-3.1,5/5/2010,5/7/2010,25.2,,F,110,,100,,,Non-toxic
09-LTRU-2.2,5/5/2010,5/7/2010,24.3,,F,106,,90,,,Non-toxic
09-RAQU-3.2,5/4/2010,5/7/2010,24.5,,F,107,,100,,,Non-toxic
09-RAQU-43.8,5/5/2010,5/7/2010,26.9,,F,118,,100,,,Non-toxic
09-OMAL-0.3,5/5/2010,5/7/2010,26.5,,F,116,,100,,,Non-toxic
09-ELMK-4.3,5/5/2010,5/7/2010,23.6,,F,103,,100,,,Non-toxic
09-GTCH-1.0,5/3/2010,5/7/2010,28.3,,F,124,,100,,,Non-toxic
09-BLAH-9.1,5/3/2010,5/7/2010,23.7,,F,104,,100,,,Non-toxic
09-PLST-0.8,5/5/2010,5/7/2010,24.2,,F,106,,90,,,Non-toxic
14-DELA-50.4,7/19/2010,7/23/2010,24.9,,F,118,,100,,,Non-toxic
14-MONG_M-0.3,7/19/2010,7/23/2010,22.4,,F,106,,100,,,Non-toxic
14-MONG_W-0.2,7/19/2010,7/23/2010,18.2,,F,86,,100,,,Non-toxic
14-BSHR-3.7,7/21/2010,7/23/2010,23.8,,F,113,,100,,,Non-toxic
14-UNVR_W-0.4,7/20/2010,7/23/2010,14.7,,F,70,,80,,,Non-toxic
14-UNVR_E-0.2,7/20/2010,7/23/2010,12.9,,F,61,,90,,,Non-toxic
14-PINE-3.9,7/21/2010,7/23/2010,18.7,,F,89,,100,,,Non-toxic
14-WDEL-75.7,7/20/2010,7/23/2010,23.2,,F,110,,100,,,Non-toxic
14-LDEL-0.1,7/20/2010,7/23/2010,19.7,,F,93,,90,,,Non-toxic
04-GENS-2.6,7/19/2010,7/23/2010,20.9,,F,99,,100,,,Non-toxic
04-CRYD-2.3,7/26/2010,7/30/2010,24.4,,F,125,,100,,,Non-toxic
10-RICH-1.6,7/26/2010,7/30/2010,16.4,,F,87,,100,,,Non-toxic
14-HAFY-0.2,7/26/2010,7/30/2010,16.9,,F,86,,100,,,Non-toxic
14-TENR_E-1.4,7/26/2010,7/30/2010,17.3,,F,88,,100,,,Non-toxic
03-ORCH-21.6,7/28/2010,7/30/2010,25.9,,F,132,,100,,,Non-toxic
04-CLCK-0.2,7/28/2010,7/30/2010,13.2,,F,67,,100,,,Non-toxic
04-BLCB-2.0,7/28/2010,7/30/2010,20.6,,F,105,,100,,,Non-toxic
04-VCAM-0.4,7/28/2010,7/30/2010,10.1,,T,52,,70,,,Slight
04-PHIP-0.1,7/26/2010,7/30/2010,20.5,,F,105,,100,,,Non-toxic
04-KNIT-0.3,7/26/2010,7/30/2010,22.4,,F,114,,100,,,Non-toxic
09-REGI-2.8,7/27/2010,7/30/2010,17.1,,F,91,,90,,,Non-toxic
09-REGI-7.8,7/27/2010,7/30/2010,17.8,,F,94,,100,,,Non-toxic
09-ENGL-2.5,7/26/2010,7/30/2010,21.7,,F,115,,100,,,Non-toxic
09-REGI_W-2.7,7/28/2010,7/30/2010,17.3,,F,92,,80,,,Non-toxic
09-LSAL-3.1,7/28/2010,7/30/2010,25.5,,F,135,,100,,,Non-toxic
09-LTRU-2.2,7/28/2010,7/30/2010,21.6,,F,114,,100,,,Non-toxic
09-RAQU-3.2,7/27/2010,7/30/2010,18.7,,F,99,,100,,,Non-toxic
09-RAQU-43.8,7/28/2010,7/30/2010,9.5,,T,50,,90,,,Slight
09-OMAL-0.3,7/28/2010,7/30/2010,21.2,,F,112,,100,,,Non-toxic
09-ELMK-4.3,7/26/2010,7/30/2010,6.6,,T,35,,40,,T,Severe
09-GTCH-1.0,7/26/2010,7/30/2010,17.1,,F,91,,90,,,Non-toxic
09-BLAH-9.1,7/26/2010,7/30/2010,13.6,,F,72,,80,,,Non-toxic
09-PLST-0.8,7/26/2010,7/30/2010,23.3,,F,123,,100,,,Non-toxic
04-CRYD-2.3,9/14/2010,9/17/2010,26,,F,130,,100,,,Non-toxic
14-HAFY-0.2,9/15/2010,9/17/2010,12.4,,T,51,,100,,,Slight
14-BSHR-3.7,9/13/2010,9/17/2010,18.9,,F,78,,90,,,Non-toxic
03-ORCH-21.6,9/15/2010,9/17/2010,21.2,,F,106,,90,,,Non-toxic
04-CLCK-0.2,9/15/2010,9/17/2010,11.7,,F,59,,70,,,Non-toxic
04-BLCB-2.0,9/15/2010,9/17/2010,20.9,,F,105,,100,,,Non-toxic
04-VCAM-0.4,9/15/2010,9/17/2010,18.5,,F,93,,80,,,Non-toxic
04-PHIP-0.1,9/14/2010,9/17/2010,10.7,,F,54,,60,,,Non-toxic
04-KNIT-0.3,9/14/2010,9/17/2010,15.5,,F,78,,100,,,Non-toxic
10-RICH-1.6,9/20/2010,9/24/2010,16.7,,T,68,,100,,,Slight
14-DELA-50.4,9/23/2010,9/24/2010,18.2,,F,94,,100,,,Non-toxic
14-MONG_M-0.3,9/23/2010,9/24/2010,22.2,,F,115,,100,,,Non-toxic
14-MONG_W-0.2,9/23/2010,9/24/2010,20.7,,F,107,,90,,,Non-toxic
14-TENR_E-1.4,9/22/2010,9/24/2010,16.3,,F,85,,90,,,Non-toxic
14-UNVR_W-0.4,9/22/2010,9/24/2010,20.1,,F,104,,100,,,Non-toxic
14-UNVR_E-0.2,9/22/2010,9/24/2010,18.7,,F,97,,100,,,Non-toxic
14-PINE-3.9,9/22/2010,9/24/2010,15.8,,F,82,,90,,,Non-toxic
14-WDEL-75.7,9/22/2010,9/24/2010,22.2,,F,115,,100,,,Non-toxic
14-LDEL-0.1,9/22/2010,9/24/2010,18.3,,F,95,,90,,,Non-toxic
09-STLW-8.3,9/21/2010,9/24/2010,19.7,,F,80,,100,,,Non-toxic
09-REGI-2.8,9/21/2010,9/24/2010,20.8,,F,84,,90,,,Non-toxic
09-REGI-7.8,9/21/2010,9/24/2010,22.9,,F,93,,100,,,Non-toxic
09-ENGL-2.5,9/20/2010,9/24/2010,24.6,,F,100,,100,,,Non-toxic
09-REGI_W-2.7,9/22/2010,9/24/2010,22.2,,F,90,,100,,,Non-toxic
09-LSAL-3.1,9/22/2010,9/24/2010,24.7,,F,100,,100,,,Non-toxic
09-LTRU-2.2,9/22/2010,9/24/2010,20.9,,F,85,,90,,,Non-toxic
09-RAQU-3.2,9/21/2010,9/24/2010,22.9,,F,93,,100,,,Non-toxic
09-RAQU-43.8,9/22/2010,9/24/2010,24.2,,F,98,,100,,,Non-toxic
09-OMAL-0.3,9/22/2010,9/24/2010,24.2,,F,98,,100,,,Non-toxic
09-ELMK-4.3,9/20/2010,9/24/2010,22.6,,F,92,,100,,,Non-toxic
09-GTCH-1.0,9/20/2010,9/24/2010,20.5,,F,83,,100,,,Non-toxic
09-BLAH-9.1,9/20/2010,9/24/2010,16.8,,T,68,,80,,,Slight
09-PLST-0.8,9/20/2010,9/24/2010,21.8,,F,88,,100,,,Non-toxic
01-CATT-2.0,5/3/2011,5/6/2011,20.4,,F,166,,90,,,Non-toxic
01-NIAG-0.2,5/2/2011,5/6/2011,19.2,,F,156,,100,,,Non-toxic
01-TONA-65.8,5/2/2011,5/6/2011,17.8,,F,145,,100,,,Non-toxic
01-TONA_E-0.1,5/2/2011,5/6/2011,23.9,,F,194,,90,,,Non-toxic
01-BUFF-1.7,5/4/2011,5/6/2011,21.4,,F,174,,100,,,Non-toxic
01-CAZE_E-0.3,5/4/2011,5/6/2011,19.8,,F,161,,100,,,Non-toxic
01-LBUF-0.1,5/4/2011,5/6/2011,23.6,,F,192,,100,,,Non-toxic
01-BSIS-8.6,5/3/2011,5/6/2011,20,,F,163,,100,,,Non-toxic
01-RUCK-0.7,5/3/2011,5/6/2011,18.1,,F,147,,100,,,Non-toxic
01-CLEA-3.1,5/4/2011,5/6/2011,21.3,,F,173,,100,,,Non-toxic
01-SPOO-0.3,5/4/2011,5/6/2011,15.5,,F,126,,100,,,Non-toxic
01-CHAU-0.4,5/3/2011,5/6/2011,23.9,,F,194,,100,,,Non-toxic
01-WLNT-8.2,5/3/2011,5/6/2011,18.9,,F,154,,100,,,Non-toxic
03-JOHN-9.1,5/2/2011,5/6/2011,24.7,,F,201,,100,,,Non-toxic
03-FOMI-0.8,5/2/2011,5/6/2011,26.4,,F,215,,100,,,Non-toxic
12-MOHK-98.9,5/11/2011,5/13/2011,20.5,,F,110,,100,,,Non-toxic
12-CAYA-4.7,5/10/2011,5/13/2011,20.4,,F,109,,100,,,Non-toxic
12-SIXM-1.6,5/10/2011,5/13/2011,19.8,,F,106,,100,,,Non-toxic
12-LKIL-0.4,5/10/2011,5/13/2011,8.2,,T,44,,80,,,Slight
12-NMIL-13.9,5/10/2011,5/13/2011,21.4,,F,114,,100,,,Non-toxic
12-NCHU-3.2,5/10/2011,5/13/2011,21.5,,F,115,,100,,,Non-toxic
12-SHAK-1.8,5/10/2011,5/13/2011,22.7,,F,121,,90,,,Non-toxic
12-SAUQ-1.6,5/11/2011,5/13/2011,11.6,,T,62,,70,,,Slight
12-INDK-0.3,5/10/2011,5/13/2011,24.9,,F,133,,100,,,Non-toxic
12-MATT-0.9,5/10/2011,5/13/2011,14.7,,F,79,,90,,,Non-toxic
12-SCHO-79.0,5/9/2011,5/13/2011,17.9,,F,96,,100,,,Non-toxic
12-COBL-0.6,5/9/2011,5/13/2011,19.6,,F,105,,100,,,Non-toxic
12-BATV-0.2,5/9/2011,5/13/2011,19.2,,F,103,,100,,,Non-toxic
12-BETY-0.2,5/9/2011,5/13/2011,14.2,,F,76,,100,,,Non-toxic
12-ORSK-0.9,5/11/2011,5/13/2011,20.1,,F,108,,100,,,Non-toxic
12-MOHK-98.9,6/8/2011,6/10/2011,22.5,,F,93,,100,,,Non-toxic
12-CAYA-4.7,6/8/2011,6/10/2011,22.5,,F,93,,100,,,Non-toxic
12-SIXM-1.6,6/7/2011,6/10/2011,26,,F,107,,100,,,Non-toxic
12-LKIL-0.4,6/7/2011,6/10/2011,13,,T,54,,90,,,Slight
12-NMIL-13.9,6/7/2011,6/10/2011,20.4,,F,84,,100,,,Non-toxic
12-NCHU-3.2,6/6/2011,6/10/2011,27.1,,F,112,,100,,,Non-toxic
12-SHAK-1.8,6/6/2011,6/10/2011,26.4,,F,109,,100,,,Non-toxic
12-SAUQ-1.6,6/8/2011,6/10/2011,12.3,,T,51,,80,,,Slight
12-INDK-0.3,6/6/2011,6/10/2011,24.5,,F,101,,100,,,Non-toxic
12-MATT-0.9,6/6/2011,6/10/2011,17.1,,F,70,,90,,,Non-toxic
12-SCHO-79.0,6/7/2011,6/10/2011,18.4,,F,76,,100,,,Non-toxic
12-COBL-0.6,6/7/2011,6/10/2011,27.1,,F,112,,100,,,Non-toxic
12-BATV-0.2,6/7/2011,6/10/2011,21.1,,F,87,,100,,,Non-toxic
12-BETY-0.2,6/7/2011,6/10/2011,12.5,,F,51,,80,,,Non-toxic
12-ORSK-0.9,6/8/2011,6/10/2011,25,,F,103,,100,,,Non-toxic
01-CATT-2.0,6/14/2011,6/17/2011,17.4,,F,77,,100,,,Non-toxic
01-NIAG-0.2,6/15/2011,6/17/2011,18.1,,F,80,,100,,,Non-toxic
01-TONA-65.8,6/15/2011,6/17/2011,24.3,,F,107,,100,,,Non-toxic
01-TONA_E-0.1,6/15/2011,6/17/2011,22.3,,F,98,,100,,,Non-toxic
01-BUFF-1.7,6/13/2011,6/17/2011,19.8,,F,87,,100,,,Non-toxic
01-CAZE_E-0.3,6/13/2011,6/17/2011,19.7,,F,87,,100,,,Non-toxic
01-LBUF-0.1,6/13/2011,6/17/2011,17.2,,F,76,,80,,,Non-toxic
01-BSIS-8.6,6/14/2011,6/17/2011,23.5,,F,104,,100,,,Non-toxic
01-RUCK-0.7,6/14/2011,6/17/2011,22.4,,F,99,,100,,,Non-toxic
01-CLEA-3.1,6/13/2011,6/17/2011,19.6,,F,86,,90,,,Non-toxic
01-SPOO-0.3,6/13/2011,6/17/2011,22.5,,F,99,,100,,,Non-toxic
01-CHAU-0.4,6/14/2011,6/17/2011,25.3,,F,112,,100,,,Non-toxic
01-WLNT-8.2,6/14/2011,6/17/2011,18.1,,F,80,,100,,,Non-toxic
03-JOHN-9.1,6/15/2011,6/17/2011,16.7,,F,74,,80,,,Non-toxic
03-FOMI-0.8,6/15/2011,6/17/2011,27.3,,F,121,,100,,,Non-toxic
01-NIAG-0.2,10/11/2011,10/14/2011,20.2,,F,91,,100,,,Non-toxic
01-TONA-65.8,10/11/2011,10/14/2011,14.9,,F,67,,70,,,Non-toxic
01-TONA_E-0.1,10/11/2011,10/14/2011,25,,F,113,,100,,,Non-toxic
01-BSIS-8.6,10/12/2011,10/14/2011,26.2,,F,119,,100,,,Non-toxic
01-WLNT-8.2,10/12/2011,10/14/2011,22.7,,F,103,,100,,,Non-toxic
03-JOHN-9.1,10/11/2011,10/14/2011,22.4,,F,101,,100,,,Non-toxic
03-FOMI-0.8,10/11/2011,10/14/2011,20.9,,F,95,,80,,,Non-toxic
01-CATT-2.0,10/12/2011,10/17/2011,24.5,,F,105,,100,,,Non-toxic
01-BUFF-1.7,10/13/2011,10/17/2011,25.9,,F,111,,100,,,Non-toxic
01-CAZE_E-0.3,10/13/2011,10/17/2011,23.8,,F,102,,100,,,Non-toxic
01-LBUF-0.1,10/13/2011,10/17/2011,15.6,,T,67,,90,,,Slight
01-RUCK-0.7,10/12/2011,10/17/2011,23.3,,F,100,,90,,,Non-toxic
01-CLEA-3.1,10/13/2011,10/17/2011,25.1,,F,108,,100,,,Non-toxic
01-SPOO-0.3,10/13/2011,10/17/2011,19.1,,F,82,,90,,,Non-toxic
01-CHAU-0.4,10/12/2011,10/17/2011,24.5,,F,105,,100,,,Non-toxic
12-MOHK-98.9,10/18/2011,10/21/2011,24.2,,F,129,,100,,,Non-toxic
12-CAYA-4.7,10/18/2011,10/21/2011,22.7,,F,121,,90,,,Non-toxic
12-SIXM-1.6,10/19/2011,10/21/2011,26.3,,F,140,,100,,,Non-toxic
12-LKIL-0.4,10/19/2011,10/21/2011,27.2,,F,145,,100,,,Non-toxic
12-NMIL-13.9,10/18/2011,10/21/2011,28,,F,149,,90,,,Non-toxic
12-NCHU-3.2,10/18/2011,10/21/2011,25.2,,F,134,,100,,,Non-toxic
12-SHAK-1.8,10/18/2011,10/21/2011,20.3,,F,108,,80,,,Non-toxic
12-SAUQ-1.6,10/18/2011,10/21/2011,21.1,,F,112,,100,,,Non-toxic
12-INDK-0.3,10/18/2011,10/21/2011,23.6,,F,126,,100,,,Non-toxic
12-MATT-0.9,10/18/2011,10/21/2011,24.5,,F,130,,90,,,Non-toxic
12-SCHO-79.0,10/17/2011,10/21/2011,22.9,,F,122,,100,,,Non-toxic
12-COBL-0.6,10/17/2011,10/21/2011,23.3,,F,124,,100,,,Non-toxic
12-BATV-0.2,10/17/2011,10/21/2011,22.1,,F,118,,100,,,Non-toxic
12-BETY-0.2,10/17/2011,10/21/2011,25.5,,F,136,,100,,,Non-toxic
12-ORSK-0.9,10/18/2011,10/21/2011,24.7,,F,131,,90,,,Non-toxic
11-UHUD-2.7,4/24/2012,4/27/2012,20.7,,F,113,,100,,,Non-toxic
11-UHUD-64.0,4/23/2012,4/27/2012,24.9,,F,136,,90,,,Non-toxic
11-ANTH-0.8,4/24/2012,4/27/2012,20,,F,109,,90,,,Non-toxic
11-FISC-6.6,4/23/2012,4/27/2012,17.1,,F,93,,100,,,Non-toxic
11-LHOO-0.1,4/24/2012,4/27/2012,20,,F,109,,100,,,Non-toxic
11-UHUD-98.3,4/23/2012,4/27/2012,21.5,,F,118,,100,,,Non-toxic
11-SCHR-3.2,4/24/2012,4/27/2012,19.6,,F,107,,100,,,Non-toxic
11-CHST-2.5,4/23/2012,4/27/2012,15.6,,F,85,,100,,,Non-toxic
11-STEW-2.3,4/24/2012,4/27/2012,15.7,,F,86,,90,,,Non-toxic
02-ALGY-20.3,4/24/2012,4/27/2012,14.8,,F,89,,100,,,Non-toxic
02-BLHL-0.5,4/24/2012,4/27/2012,9,,T,54,,100,,,Slight
02-LGEN-3.6,4/24/2012,4/27/2012,20.5,,F,123,,90,,,Non-toxic
02-WANG-20.9,4/23/2012,4/27/2012,18.3,,F,110,,90,,,Non-toxic
02-CLER-8.6,4/23/2012,4/27/2012,19.9,,F,119,,100,,,Non-toxic
02-STIL-7.2,4/23/2012,4/27/2012,17.9,,F,107,,100,,,Non-toxic
02-CHAD-2.2,4/23/2012,4/27/2012,21.6,,F,129,,100,,,Non-toxic
02-GOOS-2.9,4/23/2012,4/27/2012,21.4,,F,128,,100,,,Non-toxic
03-RICE-0.9,5/2/2012,5/4/2012,18.5,,F,94,,90,,,Non-toxic
03-RICE-0.9,5/2/2012,5/4/2012,18.5,,F,94,,90,,,Non-toxic
03-CATF-1.3,5/2/2012,5/4/2012,22.5,,F,115,,100,,,Non-toxic
07-OSWE-5.2,5/2/2012,5/4/2012,22.7,,F,116,,100,,,Non-toxic
07-SEOS-22.4,5/2/2012,5/4/2012,22.2,,F,113,,100,,,Non-toxic
07-ONON-1.0,4/30/2012,5/4/2012,18,,F,92,,80,,,Non-toxic
07-SCON-0.9,4/30/2012,5/4/2012,13.9,,T,71,,70,,,Slight
07-TOTA-0.8,4/30/2012,5/4/2012,19.8,,F,101,,100,,,Non-toxic
07-GRBR-0.3,5/1/2012,5/4/2012,26.4,,F,135,,100,,,Non-toxic
07-CONK-1.0,5/1/2012,5/4/2012,23.2,,F,118,,100,,,Non-toxic
07-CONK-1.0,5/2/2012,5/4/2012,23.2,,F,118,,100,,,Non-toxic
07-FALL-0.9,5/1/2012,5/4/2012,24.2,,F,124,,100,,,Non-toxic
07-TGHN-3.5,5/1/2012,5/4/2012,19.6,,F,100,,100,,,Non-toxic
07-TRUM-2.8,5/1/2012,5/4/2012,19.3,,F,99,,60,,,Non-toxic
07-SXML-0.7,5/1/2012,5/4/2012,18.4,,F,94,,100,,,Non-toxic
07-DUCH-0.2,4/30/2012,5/4/2012,22.9,,F,117,,100,,,Non-toxic
03-RICE-0.9,9/12/2012,9/14/2012,19.3,,F,111,,100,,,Non-toxic
03-CATF-1.3,9/12/2012,9/14/2012,25.6,,F,147,,90,,,Non-toxic
07-OSWE-5.2,9/12/2012,9/14/2012,15.3,,F,88,,70,,,Non-toxic
07-SEOS-22.4,9/12/2012,9/14/2012,24.7,,F,142,,100,,,Non-toxic
07-ONON-1.0,9/10/2012,9/14/2012,7.2,,T,41,,80,,,Slight
07-SCON-0.9,9/10/2012,9/14/2012,10.7,,F,62,,80,,,Non-toxic
07-TOTA-0.8,9/10/2012,9/14/2012,11.4,,F,66,,60,,,Non-toxic
07-GRBR-0.3,9/10/2012,9/14/2012,26.7,,F,154,,100,,,Non-toxic
07-FALL-0.9,9/11/2012,9/14/2012,21.5,,F,124,,90,,,Non-toxic
07-TGHN-3.5,9/11/2012,9/14/2012,17.8,,F,102,,90,,,Non-toxic
07-TRUM-2.8,9/11/2012,9/14/2012,11.4,,F,66,,90,,,Non-toxic
07-SXML-0.7,9/11/2012,9/14/2012,12,,F,69,,80,,,Non-toxic
07-DUCH-0.2,9/10/2012,9/14/2012,25.5,,F,147,,100,,,Non-toxic
11-UHUD-2.7,9/17/2012,9/21/2012,18.9,,F,92,,100,,,Non-toxic
11-UHUD-64.0,9/17/2012,9/21/2012,18.8,,F,91,,100,,,Non-toxic
11-ANTH-0.8,9/17/2012,9/21/2012,20.3,,F,99,,90,,,Non-toxic
11-FISC-6.6,9/18/2012,9/21/2012,18.9,,F,92,,100,,,Non-toxic
11-LHOO-0.1,9/18/2012,9/21/2012,19.3,,F,94,,100,,,Non-toxic
11-UHUD-98.3,9/19/2012,9/21/2012,16.6,,F,81,,100,,,Non-toxic
11-SCHR-3.2,9/19/2012,9/21/2012,17.7,,F,86,,100,,,Non-toxic
11-CHST-2.5,9/19/2012,9/21/2012,18.2,,F,88,,100,,,Non-toxic
11-STEW-2.3,9/19/2012,9/21/2012,21.2,,F,103,,100,,,Non-toxic
02-ALGY-20.3,9/19/2012,9/21/2012,15.6,,F,104,,100,,,Non-toxic
02-ALGY-20.3,9/18/2012,9/21/2012,15.6,,F,104,,100,,,Non-toxic
02-BLHL-0.5,9/18/2012,9/21/2012,12.4,,F,83,,70,,,Non-toxic
02-ENSH-1.9,9/18/2012,9/21/2012,25.9,,F,173,,100,,,Non-toxic
02-ENSH-1.9,9/18/2012,9/21/2012,25.9,,F,173,,100,,,Non-toxic
02-LGEN-3.6,9/18/2012,9/21/2012,16.7,,F,111,,100,,,Non-toxic
02-LGEN-3.6,9/18/2012,9/21/2012,16.7,,F,111,,100,,,Non-toxic
02-WANG-20.9,9/19/2012,9/21/2012,15.5,,F,103,,100,,,Non-toxic
02-WANG-20.9,9/19/2012,9/21/2012,15.5,,F,103,,100,,,Non-toxic
02-CLER-8.6,9/19/2012,9/21/2012,18.9,,F,126,,100,,,Non-toxic
02-CLER-8.6,9/19/2012,9/21/2012,18.9,,F,126,,100,,,Non-toxic
02-STIL-7.2,9/19/2012,9/21/2012,18.1,,F,121,,100,,,Non-toxic
02-CHAD-2.2,9/19/2012,9/21/2012,23,,F,153,,100,,,Non-toxic
02-CHAD-2.2,9/19/2012,9/21/2012,23,,F,153,,100,,,Non-toxic
02-GOOS-2.9,9/19/2012,9/21/2012,17.5,,F,117,,90,,,Non-toxic
02-GOOS-2.9,9/19/2012,9/21/2012,17.5,,F,117,,90,,,Non-toxic
03-RICE-0.9,10/22/2012,10/26/2012,16.9,,F,81,,100,,,Non-toxic
03-CATF-1.3,10/22/2012,10/26/2012,19,,F,91,,100,,,Non-toxic
07-OSWE-5.2,10/22/2012,10/26/2012,18.9,,F,91,,100,,,Non-toxic
07-SEOS-22.4,10/22/2012,10/26/2012,24.4,,F,117,,100,,,Non-toxic
07-ONON-1.0,10/23/2012,10/26/2012,13.9,,T,67,,50,,T,Severe
07-SCON-0.9,10/23/2012,10/26/2012,10.5,,T,51,,70,,,Slight
07-TOTA-0.8,10/23/2012,10/26/2012,3.9,,T,19,,60,,T,Severe
07-GRBR-0.3,10/24/2012,10/26/2012,25.4,,F,122,,90,,,Non-toxic
07-FALL-0.9,10/24/2012,10/26/2012,18.2,,F,88,,80,,,Non-toxic
07-TGHN-3.5,10/24/2012,10/26/2012,22,,F,106,,100,,,Non-toxic
07-TRUM-2.8,10/24/2012,10/26/2012,19,,F,91,,100,,,Non-toxic
07-SXML-0.7,10/24/2012,10/26/2012,19.9,,F,96,,90,,,Non-toxic
07-DUCH-0.2,10/23/2012,10/26/2012,17.8,,F,86,,60,,T,Moderate
11-ANTH-0.8,10/29/2012,11/2/2012,18.1,,F,102,,90,,,Non-toxic
11-FISC-6.6,10/29/2012,11/2/2012,17,,F,96,,90,,,Non-toxic
11-LHOO-0.1,10/29/2012,11/2/2012,17.8,,F,100,,60,,,Non-toxic
11-UHUD-98.3,10/29/2012,11/2/2012,21.5,,F,121,,100,,,Non-toxic
11-SCHR-3.2,10/29/2012,11/2/2012,20.4,,F,115,,100,,,Non-toxic
11-CHST-2.5,10/29/2012,11/2/2012,18.9,,F,106,,100,,,Non-toxic
11-STEW-2.3,10/29/2012,11/2/2012,13.6,,F,76,,80,,,Non-toxic
02-BLHL-0.5,10/29/2012,11/2/2012,17.9,,F,109,,100,,,Non-toxic
02-ENSH-1.9,10/29/2012,11/2/2012,19.6,,F,119,,90,,,Non-toxic
02-ENSH-1.9,10/29/2012,11/2/2012,19.6,,F,119,,90,,,Non-toxic
02-LGEN-3.6,10/29/2012,11/2/2012,18.7,,F,113,,100,,,Non-toxic
02-LGEN-3.6,10/29/2012,11/2/2012,18.7,,F,113,,100,,,Non-toxic
02-WANG-20.9,10/29/2012,11/2/2012,16,,F,97,,80,,,Non-toxic
02-WANG-20.9,10/31/2012,11/2/2012,16,,F,97,,80,,,Non-toxic
02-CLER-8.6,10/31/2012,11/2/2012,22,,F,133,,100,,,Non-toxic
02-CLER-8.6,10/31/2012,11/2/2012,22,,F,133,,100,,,Non-toxic
02-STIL-7.2,10/31/2012,11/2/2012,13.7,,F,83,,80,,,Non-toxic
02-CHAD-2.2,10/31/2012,11/2/2012,20.2,,F,122,,100,,,Non-toxic
02-CHAD-2.2,10/31/2012,11/2/2012,20.2,,F,122,,100,,,Non-toxic
02-GOOS-2.9,10/31/2012,11/2/2012,20.2,,F,122,,100,,,Non-toxic
02-GOOS-2.9,10/31/2012,11/2/2012,20.2,,F,122,,100,,,Non-toxic
13-LHUD-66.3,4/24/2013,4/26/2013,16.8,,F,101,,80,,,Non-toxic
13-COEY-0.3,4/23/2013,4/26/2013,19.6,,F,117,,80,,,Non-toxic
13-POST-20.3,4/22/2013,4/26/2013,21.5,,F,129,,100,,,Non-toxic
13-KROM-1.1,4/23/2013,4/26/2013,19,,F,114,,90,,,Non-toxic
13-GIDN-4.9,4/23/2013,4/26/2013,21.7,,F,130,,100,,,Non-toxic
13-STON-10.1,4/22/2013,4/26/2013,20.1,,F,120,,90,,,Non-toxic
13-BLAG-3.1,4/22/2013,4/26/2013,16.3,,F,98,,90,,,Non-toxic
13-WTAGH-9.5,4/22/2013,4/26/2013,18.5,,F,111,,80,,,Non-toxic
13-WAPP-1.9,4/22/2013,4/26/2013,17.5,,F,105,,100,,,Non-toxic
13-ROND-9.9,4/22/2013,4/26/2013,22.5,,F,135,,100,,,Non-toxic
13-TINW-1.6,4/23/2013,4/26/2013,16.4,,F,98,,90,,,Non-toxic
13-WAWA-4.5,4/23/2013,4/26/2013,17.4,,F,104,,90,,,Non-toxic
16-GREE-2.5,4/22/2013,4/26/2013,16,,F,96,,80,,,Non-toxic
08-KLSY-0.1,5/2/2013,5/3/2013,26,,F,106,,100,,,Non-toxic
03-SAND-2.7,5/2/2013,5/3/2013,27.8,,F,114,,90,,,Non-toxic
03-SSAN-6.3,5/2/2013,5/3/2013,26.1,,F,107,,100,,,Non-toxic
03-SAND_T14-0.3,5/2/2013,5/3/2013,24.5,,F,100,,100,,,Non-toxic
05-POSC-1.6,5/2/2013,5/3/2013,26.4,,F,107,,100,,,Non-toxic
05-MALL-0.1,5/2/2013,5/3/2013,22.6,,F,91,,100,,,Non-toxic
05-STEO_T22-0.2,4/29/2013,5/3/2013,24.1,,F,97,,100,,,Non-toxic
05-TUSC_N-8.4,4/29/2013,5/3/2013,27.9,,F,113,,90,,,Non-toxic
05-COHO-37.2,5/1/2013,5/3/2013,26.6,,F,107,,100,,,Non-toxic
05-STEO-9.7,4/30/2013,5/3/2013,24.7,,F,100,,90,,,Non-toxic
05-TUSC-0.5,4/30/2013,5/3/2013,23.7,,F,96,,100,,,Non-toxic
08-BLCK-105.4,4/30/2013,5/3/2013,17.3,,F,71,,100,,,Non-toxic
08-MILE-0.7,4/30/2013,5/3/2013,25.6,,F,105,,100,,,Non-toxic
08-MLLL_T7-0.8,4/30/2013,5/3/2013,23.8,,F,97,,100,,,Non-toxic
13-LHUD-66.3,7/31/2013,8/2/2013,19.9,,F,89,,100,,,Non-toxic
13-COEY-0.3,7/29/2013,8/2/2013,13.5,,T,61,,70,,,Slight
13-POST-20.3,7/30/2013,8/2/2013,18.8,,F,84,,100,,,Non-toxic
13-KROM-1.1,7/29/2013,8/2/2013,16.5,,F,74,,90,,,Non-toxic
13-GIDN-4.9,7/30/2013,8/2/2013,16.9,,F,76,,90,,,Non-toxic
13-STON-10.1,7/29/2013,8/2/2013,19.2,,F,86,,90,,,Non-toxic
13-BLAG-3.1,7/30/2013,8/2/2013,17,,F,76,,100,,,Non-toxic
13-WTAGH-9.5,7/30/2013,8/2/2013,19.1,,F,86,,100,,,Non-toxic
13-WAPP-1.9,7/29/2013,8/2/2013,9.8,,T,44,,90,,,Slight
13-ROND-9.9,7/29/2013,8/2/2013,14.2,,T,64,,100,,,Slight
13-TINW-1.6,7/30/2013,8/2/2013,13.3,,T,60,,90,,,Slight
13-WAWA-4.5,7/30/2013,8/2/2013,13.9,,T,62,,90,,,Slight
16-GREE-2.5,7/30/2013,8/2/2013,22.3,,F,100,,100,,,Non-toxic
05-CHEM-5.4,8/6/2013,8/9/2013,6.7,,T,35,,90,,,Slight
08-KLSY-0.1,8/5/2013,8/9/2013,12.7,,T,61,,90,,,Slight
03-SAND-2.7,8/5/2013,8/9/2013,14.8,,F,71,,100,,,Non-toxic
03-SSAN-6.3,8/5/2013,8/9/2013,15.2,,F,72,,80,,,Non-toxic
03-SAND_T14-0.3,8/5/2013,8/9/2013,15.1,,F,72,,90,,,Non-toxic
05-POSC-1.6,8/6/2013,8/9/2013,17.1,,F,90,,100,,,Non-toxic
05-MALL-0.1,8/6/2013,8/9/2013,17.8,,F,93,,100,,,Non-toxic
05-STEO_T22-0.2,8/5/2013,8/9/2013,17.6,,F,92,,100,,,Non-toxic
05-TUSC_N-8.4,8/5/2013,8/9/2013,20.2,,F,106,,100,,,Non-toxic
05-COHO-37.2,8/7/2013,8/9/2013,11.4,,T,60,,100,,,Slight
05-STEO-9.7,8/6/2013,8/9/2013,7.4,,T,39,,70,,,Slight
05-TUSC-0.5,8/6/2013,8/9/2013,15.8,,F,83,,90,,,Non-toxic
08-BLCK-1.4,8/5/2013,8/9/2013,17.4,,F,83,,100,,,Non-toxic
08-BLCK-105.4,8/8/2013,8/9/2013,17.6,,F,84,,100,,,Non-toxic
08-MILE-0.7,8/8/2013,8/9/2013,15.7,,F,75,,90,,,Non-toxic
08-MLLL_T7-0.8,8/7/2013,8/9/2013,16,,F,76,,100,,,Non-toxic
05-CHEM-5.4,10/21/2013,10/25/2013,20.5,,F,106,,100,,,Non-toxic
08-KLSY-0.1,10/22/2013,10/25/2013,22.4,,F,117,,100,,,Non-toxic
03-SAND-2.7,10/22/2013,10/25/2013,25.5,,F,134,,100,,,Non-toxic
03-SSAN-6.3,10/22/2013,10/25/2013,27.9,,F,146,,100,,,Non-toxic
03-SAND_T14-0.3,10/22/2013,10/25/2013,20,,F,105,,90,,,Non-toxic
05-POSC-1.6,10/22/2013,10/25/2013,25.6,,F,132,,100,,,Non-toxic
05-MALL-0.1,10/21/2013,10/25/2013,21.2,,F,109,,100,,,Non-toxic
05-STEO_T22-0.2,10/21/2013,10/25/2013,23.5,,F,121,,100,,,Non-toxic
05-TUSC_N-8.4,10/21/2013,10/25/2013,24.4,,F,126,,100,,,Non-toxic
05-COHO-37.2,10/22/2013,10/25/2013,24.1,,F,124,,90,,,Non-toxic
05-STEO-9.7,10/22/2013,10/25/2013,19.7,,F,102,,100,,,Non-toxic
05-TUSC-0.5,10/22/2013,10/25/2013,21.3,,F,110,,100,,,Non-toxic
08-BLCK-1.4,10/22/2013,10/25/2013,25.7,,F,135,,100,,,Non-toxic
08-BLCK-105.4,10/22/2013,10/25/2013,19.9,,F,104,,100,,,Non-toxic
08-MILE-0.7,10/22/2013,10/25/2013,24.8,,F,130,,100,,,Non-toxic
08-MLLL_T7-0.8,10/22/2013,10/25/2013,22.7,,F,119,,100,,,Non-toxic
13-LHUD-66.3,10/30/2013,11/1/2013,20.4,,F,103,,100,,,Non-toxic
13-COEY-0.3,10/29/2013,11/1/2013,17,,F,85,,70,,,Non-toxic
13-POST-20.3,10/28/2013,11/1/2013,24,,F,121,,100,,,Non-toxic
13-KROM-1.1,10/29/2013,11/1/2013,21.9,,F,110,,100,,,Non-toxic
13-GIDN-4.9,10/29/2013,11/1/2013,19.1,,F,96,,90,,,Non-toxic
13-STON-10.1,10/29/2013,11/1/2013,22.1,,F,111,,100,,,Non-toxic
13-BLAG-3.1,10/28/2013,11/1/2013,22.4,,F,113,,100,,,Non-toxic
13-WTAGH-9.5,10/28/2013,11/1/2013,23.1,,F,116,,100,,,Non-toxic
13-WAPP-1.9,10/28/2013,11/1/2013,21.7,,F,109,,100,,,Non-toxic
13-ROND-9.9,10/28/2013,11/1/2013,20.6,,F,104,,100,,,Non-toxic
13-TINW-1.6,10/29/2013,11/1/2013,15.1,,F,76,,90,,,Non-toxic
13-WAWA-4.5,10/29/2013,11/1/2013,17.6,,F,88,,90,,,Non-toxic
16-GREE-2.5,10/28/2013,11/1/2013,22.2,,F,112,,100,,,Non-toxic
06-DILA-5.4,5/5/2014,5/9/2014,17,,F,83,,90,,,Non-toxic
06-NVUS-0.9,5/5/2014,5/9/2014,21.3,,F,103,,100,,,Non-toxic
06-NANG-48.1,5/5/2014,5/9/2014,19.9,,F,97,,100,,,Non-toxic
06-PAGE-0.6,5/5/2014,5/9/2014,25.2,,F,122,,100,,,Non-toxic
06-HUNC-1.5,5/5/2014,5/9/2014,19.6,,F,95,,100,,,Non-toxic
06-NANT-0.8,5/6/2014,5/9/2014,22.2,,F,108,,100,,,Non-toxic
06-LCHO-2.0,5/6/2014,5/9/2014,25.4,,F,123,,100,,,Non-toxic
06-PATT-0.3,5/6/2014,5/9/2014,17.3,,F,84,,100,,,Non-toxic
06-CATA-1.7,5/6/2014,5/9/2014,24.8,,F,120,,100,,,Non-toxic
10-GCHZ-27.4,5/13/2014,5/16/2014,26.3,,F,105,,100,,,Non-toxic
10-MKZI-0.8,5/13/2014,5/16/2014,22.4,,F,89,,100,,,Non-toxic
10-BOQT-28.6,5/14/2014,5/16/2014,26.6,,F,106,,100,,,Non-toxic
10-SABL_E-17.2,5/14/2014,5/16/2014,25,,F,100,,100,,,Non-toxic
10-CMIL-3.3,5/12/2014,5/16/2014,25.4,,F,101,,100,,,Non-toxic
10-FMIL-2.1,5/14/2014,5/16/2014,25.1,,F,100,,100,,,Non-toxic
10-MDBR-4.1,5/12/2014,5/16/2014,23.4,,F,93,,90,,,Non-toxic
10-BIGC-6.3,5/14/2014,5/16/2014,25.6,,F,102,,100,,,Non-toxic
17-BRNX-12.3,5/12/2014,5/16/2014,22.1,,F,99,,90,,,Non-toxic
17-KEND-0.6,5/12/2014,5/16/2014,19.9,,F,89,,100,,,Non-toxic
06-DILA-5.4,7/28/2014,8/1/2014,19.6,,F,77,,90,,,Non-toxic
06-NVUS-0.9,7/28/2014,8/1/2014,25.4,,F,100,,100,,,Non-toxic
06-NANG-0.7,7/28/2014,8/1/2014,22.6,,F,89,,100,,,Non-toxic
06-NANG-48.1,7/28/2014,8/1/2014,23,,F,90,,100,,,Non-toxic
06-PAGE-0.6,7/28/2014,8/1/2014,25.7,,F,101,,100,,,Non-toxic
06-HUNC-1.5,7/28/2014,8/1/2014,29.9,,F,117,,100,,,Non-toxic
06-SUSQ-6.9,7/29/2014,8/1/2014,19.7,,F,77,,100,,,Non-toxic
06-NANT-0.8,7/29/2014,8/1/2014,27.3,,F,107,,100,,,Non-toxic
06-LCHO-2.0,7/28/2014,8/1/2014,24.1,,F,95,,100,,,Non-toxic
06-PATT-0.3,7/29/2014,8/1/2014,15.4,,T,60,,100,,,Slight
06-CATA-1.7,7/29/2014,8/1/2014,26.9,,F,106,,100,,,Non-toxic
10-GCHZ-27.4,8/6/2014,8/8/2014,17.6,,F,77,,90,,,Non-toxic
10-MKZI-0.8,8/6/2014,8/8/2014,21.7,,F,95,,100,,,Non-toxic
10-BOQT-28.6,8/7/2014,8/8/2014,19.8,,F,87,,90,,,Non-toxic
10-SABL_E-17.2,8/7/2014,8/8/2014,18,,F,79,,80,,,Non-toxic
10-CMIL-3.3,8/4/2014,8/8/2014,29,,F,127,,100,,,Non-toxic
10-FMIL-2.1,8/7/2014,8/8/2014,23.1,,F,101,,100,,,Non-toxic
10-MDBR-4.1,8/4/2014,8/8/2014,22.9,,F,100,,90,,,Non-toxic
10-BIGC-6.3,8/4/2014,8/8/2014,23.2,,F,101,,100,,,Non-toxic
17-CARL-0.8,8/4/2014,8/8/2014,24.6,,F,103,,100,,,Non-toxic
17-GREN-0.4,8/5/2014,8/8/2014,25,,F,105,,90,,,Non-toxic
17-MILR-3.5,8/4/2014,8/8/2014,10.5,,T,44,,20,,T,Severe
17-PECN-7.6,8/5/2014,8/8/2014,23.2,,F,97,,90,,,Non-toxic
17-BRNX-12.3,8/4/2014,8/8/2014,22.5,,F,94,,90,,,Non-toxic
17-BVBR-0.3,8/4/2014,8/8/2014,26.5,,F,111,,100,,,Non-toxic
17-KEND-0.6,8/4/2014,8/8/2014,26.9,,F,113,,100,,,Non-toxic
06-DILA-5.4,10/20/2014,10/24/2014,23.5,,F,139,,100,,,Non-toxic
06-NVUS-0.9,10/20/2014,10/24/2014,18.3,,F,108,,90,,,Non-toxic
06-NANG-0.7,10/20/2014,10/24/2014,20.7,,F,123,,100,,,Non-toxic
06-NANG-48.1,10/20/2014,10/24/2014,25.3,,F,150,,100,,,Non-toxic
06-PAGE-0.6,10/20/2014,10/24/2014,22.8,,F,135,,100,,,Non-toxic
06-HUNC-1.5,10/20/2014,10/24/2014,20.4,,F,121,,90,,,Non-toxic
06-SUSQ-6.9,10/22/2014,10/24/2014,18.4,,F,109,,90,,,Non-toxic
06-NANT-0.8,10/22/2014,10/24/2014,19.8,,F,117,,80,,,Non-toxic
06-LCHO-2.0,10/20/2014,10/24/2014,20.1,,F,119,,100,,,Non-toxic
06-PATT-0.3,10/22/2014,10/24/2014,20.1,,F,119,,90,,,Non-toxic
06-CATA-1.7,10/22/2014,10/24/2014,11.8,,F,70,,80,,,Non-toxic
10-GCHZ-27.4,10/28/2014,10/31/2014,24.2,,F,115,,90,,,Non-toxic
10-MKZI-0.8,10/28/2014,10/31/2014,23.7,,F,113,,100,,,Non-toxic
10-BOQT-28.6,10/29/2014,10/31/2014,24.2,,F,115,,100,,,Non-toxic
10-SABL_E-17.2,10/29/2014,10/31/2014,25,,F,119,,100,,,Non-toxic
10-CMIL-3.3,10/27/2014,10/31/2014,22.8,,F,109,,100,,,Non-toxic
10-FMIL-2.1,10/29/2014,10/31/2014,25.9,,F,123,,100,,,Non-toxic
10-MDBR-4.1,10/27/2014,10/31/2014,19.4,,F,93,,100,,,Non-toxic
10-BIGC-6.3,10/27/2014,10/31/2014,23.9,,F,114,,90,,,Non-toxic
17-CARL-0.8,10/27/2014,10/31/2014,22.7,,F,111,,100,,,Non-toxic
17-GREN-0.4,10/29/2014,10/31/2014,24,,F,118,,90,,,Non-toxic
17-MILR-3.5,10/27/2014,10/31/2014,23.1,,F,113,,100,,,Non-toxic
17-PECN-7.6,10/29/2014,10/31/2014,24.8,,F,122,,100,,,Non-toxic
17-BRNX-12.3,10/28/2014,10/31/2014,21.8,,F,107,,100,,,Non-toxic
17-BVBR-0.3,10/27/2014,10/31/2014,27.9,,F,137,,100,,,Non-toxic
17-KEND-0.6,10/28/2014,10/31/2014,21,,F,103,,90,,,Non-toxic
14-WDEL-35.4,5/4/2015,5/8/2015,27,,F,133,,100,,,Non-toxic
14-WDEL-56.4,5/4/2015,5/8/2015,27.6,,F,136,,100,,,Non-toxic
14-WSTB-1.1,5/4/2015,5/8/2015,25,,F,123,,100,,,Non-toxic
14-TRUT-1.4,5/5/2015,5/8/2015,22.2,,F,109,,100,,,Non-toxic
14-COUL-0.1,5/4/2015,5/8/2015,18.3,,F,90,,100,,,Non-toxic
14-FLYC_T2-0.6,5/5/2015,5/8/2015,18.5,,F,91,,100,,,Non-toxic
04-PLBO-3.3,5/11/2015,5/15/2015,22.7,,F,100,,100,,,Non-toxic
04-CRAW-0.4,5/11/2015,5/15/2015,21.7,,F,95,,100,,,Non-toxic
04-OATK-46.2,5/11/2015,5/15/2015,21.8,,F,96,,100,,,Non-toxic
04-HONY-9.6,5/12/2015,5/15/2015,20.5,,F,90,,100,,,Non-toxic
04-BIDW-1.5,5/11/2015,5/15/2015,18,,F,79,,100,,,Non-toxic
04-SPRG-2.5,5/12/2015,5/15/2015,23.7,,F,104,,100,,,Non-toxic
04-BSPR-0.2,5/13/2015,5/15/2015,18.4,,F,81,,90,,,Non-toxic
04-RICM_T9-0.4,5/11/2015,5/15/2015,20.4,,F,90,,100,,,Non-toxic
04-LIMK-1.3,5/11/2015,5/15/2015,19.5,,F,86,,90,,,Non-toxic
04-RAGA-9.3,5/11/2015,5/15/2015,25.6,,F,112,,100,,,Non-toxic
09-BRND-2.5,5/11/2015,5/15/2015,29.6,,F,114,,100,,,Non-toxic
09-SCKE-3.4,5/11/2015,5/15/2015,22.8,,F,88,,100,,,Non-toxic
09-PIKC-8.7,5/14/2015,5/15/2015,29.4,,F,114,,100,,,Non-toxic
09-DERR-0.2,5/12/2015,5/15/2015,26.5,,F,102,,90,,,Non-toxic
09-LSAL_T1-1.0,5/13/2015,5/15/2015,25.1,,F,97,,100,,,Non-toxic
09-EDEE-13.4,5/13/2015,5/15/2015,25.1,,F,97,,100,,,Non-toxic
09-PARK-0.3,5/11/2015,5/15/2015,18.8,,F,73,,80,,,Non-toxic
09-PLMB-12.4,5/13/2015,5/15/2015,29.9,,F,115,,100,,,Non-toxic
09-GRAS_M-3.7,5/13/2015,5/15/2015,29.8,,F,115,,100,,,Non-toxic
09-VREN-1.1,5/13/2015,5/15/2015,27.9,,F,108,,100,,,Non-toxic
09-SYLV-1.4,5/14/2015,5/15/2015,28,,F,108,,100,,,Non-toxic
09-JEWT-3.1,5/12/2015,5/15/2015,26.2,,F,101,,100,,,Non-toxic
09-INDN-33.7,5/14/2015,5/15/2015,27.3,,F,105,,100,,,Non-toxic
09-WSCK-3.4,5/14/2015,5/15/2015,25.7,,F,99,,100,,,Non-toxic
14-DELA-1.3,7/30/2015,7/31/2015,4.7,,T,29,,60,,,Slight
14-DELA-45.2,7/29/2015,7/31/2015,12,,F,74,,70,,,Non-toxic
14-MONG-18.9,7/30/2015,7/31/2015,16.8,,F,104,,90,,,Non-toxic
14-CALL-0.2,7/29/2015,7/31/2015,11.3,,F,70,,80,,,Non-toxic
14-JAKE-3.0,7/29/2015,7/31/2015,18.3,,F,113,,90,,,Non-toxic
14-NEVR-14.8,7/30/2015,7/31/2015,12,,F,74,,70,,,Non-toxic
14-WILL-3.2,7/29/2015,7/31/2015,16.9,,F,104,,100,,,Non-toxic
14-WDEL-35.4,7/27/2015,7/31/2015,21.9,,F,135,,100,,,Non-toxic
14-WDEL-56.4,7/27/2015,7/31/2015,24.7,,F,153,,100,,,Non-toxic
14-WSTB-1.1,7/27/2015,7/31/2015,21,,F,130,,100,,,Non-toxic
14-TRUT-1.4,7/28/2015,7/31/2015,14.2,,F,88,,90,,,Non-toxic
14-COUL-0.1,7/27/2015,7/31/2015,15.1,,F,93,,90,,,Non-toxic
14-FLYC_T2-0.6,7/28/2015,7/31/2015,23.3,,F,144,,100,,,Non-toxic
04-PLBO-3.3,8/4/2015,8/7/2015,6.4,,T,26,,70,,,Slight
04-CRAW-0.4,8/4/2015,8/7/2015,8.2,,T,34,,70,,,Slight
04-OATK-46.2,8/4/2015,8/7/2015,15,,T,62,,100,,,Slight
04-HONY-9.6,8/4/2015,8/7/2015,6.7,,T,28,,70,,,Slight
04-BIDW-1.5,8/3/2015,8/7/2015,9.6,,T,39,,70,,,Slight
04-SPRG-2.5,8/4/2015,8/7/2015,12.8,,T,53,,80,,,Slight
04-BSPR-0.2,8/5/2015,8/7/2015,6.7,,T,28,,70,,,Slight
04-RICM_T9-0.4,8/4/2015,8/7/2015,14.2,,T,58,,90,,,Slight
04-LIMK-1.3,8/4/2015,8/7/2015,9.7,,T,40,,80,,,Slight
04-RAGA-9.3,8/4/2015,8/7/2015,17.1,,F,70,,80,,,Non-toxic
09-BRND-2.5,8/6/2015,8/7/2015,13.7,,T,53,,70,,,Slight
09-SCKE-3.4,8/6/2015,8/7/2015,13.4,,T,52,,90,,,Slight
09-PIKC-8.7,8/6/2015,8/7/2015,21.6,,F,83,,90,,,Non-toxic
09-DERR-0.2,8/4/2015,8/7/2015,17.3,,T,67,,90,,,Slight
09-EDEE-13.4,8/5/2015,8/7/2015,19,,F,73,,100,,,Non-toxic
09-PARK-0.3,8/6/2015,8/7/2015,11.5,,T,44,,70,,,Slight
09-PLMB-12.4,8/5/2015,8/7/2015,18,,F,70,,100,,,Non-toxic
09-GRAS_M-3.7,8/5/2015,8/7/2015,21.6,,F,83,,100,,,Non-toxic
09-VREN-1.1,8/5/2015,8/7/2015,17.9,,F,69,,100,,,Non-toxic
09-SYLV-1.4,8/3/2015,8/7/2015,20.7,,F,80,,100,,,Non-toxic
09-JEWT-3.1,8/4/2015,8/7/2015,16.8,,T,65,,100,,,Slight
09-INDN-33.7,8/3/2015,8/7/2015,20.7,,F,80,,90,,,Non-toxic
09-WSCK-3.4,8/3/2015,8/7/2015,10.3,,T,40,,80,,,Slight
14-WDEL-35.4,10/24/2015,10/19/2015,16.9,,F,,T,100,,,Insufficient Data
14-WDEL-56.4,10/24/2015,10/19/2015,17,,F,,T,100,,,Insufficient Data
14-WSTB-1.1,10/24/2015,10/19/2015,11,,F,,T,90,,,Insufficient Data
14-COUL-0.1,10/24/2015,10/19/2015,10.8,,F,,T,100,,,Insufficient Data
14-TRUT-1.4,10/24/2015,10/20/2015,12.4,,F,,T,100,,,Insufficient Data
14-FLYC_T2-0.6,10/24/2015,10/20/2015,2.7,,F,,T,70,,,Insufficient Data
14-DELA-45.2,10/24/2015,10/21/2015,17.7,,F,,T,100,,,Insufficient Data
14-CALL-0.2,10/24/2015,10/21/2015,16.9,,F,,T,100,,,Insufficient Data
14-JAKE-3.0,10/24/2015,10/21/2015,10.1,,F,,T,100,,,Insufficient Data
14-WILL-3.2,10/24/2015,10/21/2015,6.6,,F,,T,90,,,Insufficient Data
14-DELA-1.3,10/24/2015,10/22/2015,10.7,,F,,T,90,,,Insufficient Data
14-MONG-18.9,10/24/2015,10/22/2015,17.1,,F,,T,90,,,Insufficient Data
14-NEVR-14.8,10/24/2015,10/22/2015,13,,F,,T,100,,,Insufficient Data
04-PLBO-3.3,10/28/2015,10/30/2015,22.2,,F,127,,100,,,Non-toxic
04-CRAW-0.4,10/28/2015,10/30/2015,17.1,,F,98,,90,,,Non-toxic
04-OATK-46.2,10/28/2015,10/30/2015,15.9,,F,91,,100,,,Non-toxic
04-HONY-9.6,10/28/2015,10/30/2015,12.1,,F,69,,80,,,Non-toxic
04-BIDW-1.5,10/26/2015,10/30/2015,14.9,,F,85,,90,,,Non-toxic
04-SPRG-2.5,10/28/2015,10/30/2015,16.4,,F,94,,100,,,Non-toxic
04-BSPR-0.2,10/28/2015,10/30/2015,10,,F,57,,90,,,Non-toxic
04-RICM_T9-0.4,10/27/2015,10/30/2015,15.7,,F,90,,90,,,Non-toxic
04-LIMK-1.3,10/27/2015,10/30/2015,14,,F,80,,80,,,Non-toxic
04-RAGA-9.3,10/27/2015,10/30/2015,10.4,,F,59,,70,,,Non-toxic
09-BRND-2.5,10/29/2015,10/30/2015,20.2,,F,95,,90,,,Non-toxic
09-SCKE-3.4,10/29/2015,10/30/2015,15.2,,F,72,,100,,,Non-toxic
09-PIKC-8.7,10/29/2015,10/30/2015,23.9,,F,113,,100,,,Non-toxic
09-DERR-0.2,10/27/2015,10/30/2015,20.7,,F,98,,90,,,Non-toxic
09-EDEE-13.4,10/28/2015,10/30/2015,22.3,,F,105,,100,,,Non-toxic
09-PARK-0.3,10/29/2015,10/30/2015,19.6,,F,93,,90,,,Non-toxic
09-PLMB-12.4,10/28/2015,10/30/2015,17.5,,F,83,,100,,,Non-toxic
09-GRAS_M-3.7,10/28/2015,10/30/2015,22.3,,F,105,,100,,,Non-toxic
09-VREN-1.1,10/28/2015,10/30/2015,21.2,,F,100,,100,,,Non-toxic
09-SYLV-1.4,10/26/2015,10/30/2015,19.4,,F,92,,100,,,Non-toxic
09-JEWT-3.1,10/27/2015,10/30/2015,22.2,,F,105,,90,,,Non-toxic
09-INDN-33.7,10/26/2015,10/30/2015,19.9,,F,94,,100,,,Non-toxic
09-WSCK-3.4,10/29/2015,10/30/2015,17.6,,F,83,,100,,,Non-toxic
12-MOHK-136.0,5/4/2016,5/6/2016,18.5,,F,76,,90,,,Non-toxic
12-CAJO-5.1,5/3/2016,5/6/2016,25.6,,F,104,,100,,,Non-toxic
12-NMIL-0.5,5/4/2016,5/6/2016,25.4,,F,104,,100,,,Non-toxic
12-SAUQ-2.2,5/4/2016,5/6/2016,21.6,,F,88,,100,,,Non-toxic
12-LASH-0.1,5/3/2016,5/6/2016,25.4,,F,104,,100,,,Non-toxic
12-POEN-1.9,5/3/2016,5/6/2016,25.6,,F,104,,100,,,Non-toxic
12-ALPL-16.1,5/3/2016,5/6/2016,25,,F,102,,100,,,Non-toxic
12-REAL-0.1,5/4/2016,5/6/2016,24.6,,F,100,,100,,,Non-toxic
12-NAIL-0.1,5/4/2016,5/6/2016,25,,F,102,,90,,,Non-toxic
12-BALU-0.1,5/4/2016,5/6/2016,18.6,,F,76,,100,,,Non-toxic
01-RANS_T1-0.2,5/9/2016,5/13/2016,22.4,,F,136,,100,,,Non-toxic
01-ELLI-10.3,5/9/2016,5/13/2016,18.7,,F,113,,90,,,Non-toxic
01-BUFC-37.8,5/10/2016,5/13/2016,20.9,,F,127,,90,,,Non-toxic
01-CLEA-0.1,5/10/2016,5/13/2016,17.5,,F,106,,100,,,Non-toxic
01-PICR-1.3,5/10/2016,5/13/2016,21.8,,F,132,,100,,,Non-toxic
01-SILV-0.3,5/10/2016,5/13/2016,19.7,,F,119,,100,,,Non-toxic
01-CWAY-14.5,5/11/2016,5/13/2016,17.9,,F,108,,100,,,Non-toxic
01-CWAY-14.5,5/11/2016,5/13/2016,17.9,,F,108,,100,,,Non-toxic
01-HYCK-1.6,5/11/2016,5/13/2016,21.3,,F,129,,100,,,Non-toxic
01-CRKB-2.1,5/11/2016,5/13/2016,22.7,,F,138,,100,,,Non-toxic
01-VBUR-0.4,5/11/2016,5/13/2016,23,,F,139,,100,,,Non-toxic
01-BOUR-0.4,5/11/2016,5/13/2016,21.1,,F,128,,100,,,Non-toxic
03-GHIL-1.5,5/9/2016,5/13/2016,23.9,,F,114,,90,,,Non-toxic
03-JEDO-1.4,5/11/2016,5/13/2016,24.2,,F,116,,100,,,Non-toxic
03-SNDY-2.9,5/10/2016,5/13/2016,24.4,,F,117,,100,,,Non-toxic
03-SLTR-1.5,5/10/2016,5/13/2016,20.3,,F,97,,100,,,Non-toxic
03-SALM-1.3,5/9/2016,5/13/2016,23.7,,F,113,,100,,,Non-toxic
03-SAND-8.4,5/10/2016,5/13/2016,26.2,,F,125,,100,,,Non-toxic
03-SAND-29.3,5/10/2016,5/13/2016,24.6,,F,118,,100,,,Non-toxic
03-MAD-2.5,5/9/2016,5/13/2016,22,,F,105,,100,,,Non-toxic
03-SKIN_T5-0.2,5/10/2016,5/13/2016,22.9,,F,110,,100,,,Non-toxic
03-ORWL-3.1,5/9/2016,5/13/2016,19.3,,F,92,,90,,,Non-toxic
03-BARA-11.5,5/10/2016,5/13/2016,21,,F,100,,100,,,Non-toxic
12-MOHK-1.5,7/27/2016,7/29/2016,19.9,,F,95,,80,,,Non-toxic
12-MOHK-136.0,7/26/2016,7/29/2016,21.8,,F,104,,100,,,Non-toxic
12-CAJO-5.1,7/26/2016,7/29/2016,18.5,,F,88,,100,,,Non-toxic
12-NMIL-0.5,7/26/2016,7/29/2016,21.5,,F,102,,90,,,Non-toxic
12-SAUQ-2.2,7/26/2016,7/29/2016,12.2,,T,58,,80,,,Slight
12-LASH-0.1,7/27/2016,7/29/2016,17.5,,F,83,,90,,,Non-toxic
12-POEN-1.9,7/27/2016,7/29/2016,18.3,,F,87,,100,,,Non-toxic
12-ALPL-16.1,7/27/2016,7/29/2016,22,,F,105,,100,,,Non-toxic
12-REAL-0.1,7/26/2016,7/29/2016,19.3,,F,92,,90,,,Non-toxic
12-NAIL-0.1,7/26/2016,7/29/2016,14.7,,F,70,,90,,,Non-toxic
12-BALU-0.1,7/26/2016,7/29/2016,9.9,,T,47,,50,,T,Severe
01-NIAG-0.2,8/1/2016,8/5/2016,24,,F,179,,100,,,Non-toxic
01-RANS_T1-0.2,8/1/2016,8/5/2016,17.4,,F,130,,90,,,Non-toxic
01-ELLI-10.3,8/1/2016,8/5/2016,8.9,,T,66,,70,,,Slight
01-BUFF-1.7,8/1/2016,8/5/2016,21.8,,F,163,,90,,,Non-toxic
01-BUFC-37.8,8/3/2016,8/5/2016,22.2,,F,166,,90,,,Non-toxic
01-CLEA-0.1,8/3/2016,8/5/2016,16.1,,F,120,,100,,,Non-toxic
01-SILV-0.3,8/3/2016,8/5/2016,17.5,,F,131,,90,,,Non-toxic
01-CWAY-14.5,8/2/2016,8/5/2016,19.3,,F,144,,100,,,Non-toxic
01-CWAY-14.5,8/2/2016,8/5/2016,19.3,,F,144,,100,,,Non-toxic
01-CRKB-2.1,8/2/2016,8/5/2016,20.5,,F,153,,100,,,Non-toxic
01-VBUR-0.4,8/2/2016,8/5/2016,18.9,,F,141,,90,,,Non-toxic
01-BOUR-0.4,8/2/2016,8/5/2016,16.7,,F,125,,100,,,Non-toxic
03-JEDO-1.4,8/3/2016,8/5/2016,20.8,,F,154,,100,,,Non-toxic
03-SNDY-2.9,8/2/2016,8/5/2016,19.3,,F,143,,100,,,Non-toxic
03-SLTR-1.5,8/2/2016,8/5/2016,14.5,,F,107,,90,,,Non-toxic
03-SALM-1.3,8/3/2016,8/5/2016,20.7,,F,153,,100,,,Non-toxic
03-SAND-8.4,8/1/2016,8/5/2016,22.6,,F,167,,100,,,Non-toxic
03-SAND-29.3,8/1/2016,8/5/2016,23.1,,F,171,,100,,,Non-toxic
03-MAD-2.5,8/3/2016,8/5/2016,24.7,,F,183,,100,,,Non-toxic
03-ORWL-3.1,8/3/2016,8/5/2016,21.6,,F,160,,100,,,Non-toxic
12-MOHK-1.5,10/18/2016,10/21/2016,16.9,,T,62,,100,,,Slight
12-MOHK-136.0,10/19/2016,10/21/2016,3.8,,T,14,,50,,T,Severe
12-CAJO-5.1,10/20/2016,10/21/2016,6,,T,22,,50,,T,Severe
12-NMIL-0.5,10/19/2016,10/21/2016,20.9,,F,77,,100,,,Non-toxic
12-SAUQ-2.2,10/19/2016,10/21/2016,13.1,,T,48,,90,,,Slight
12-LASH-0.1,10/20/2016,10/21/2016,13.3,,T,49,,80,,,Slight
12-POEN-1.9,10/20/2016,10/21/2016,14.4,,T,53,,100,,,Slight
12-ALPL-16.1,10/20/2016,10/21/2016,21.9,,F,81,,100,,,Non-toxic
12-REAL-0.1,10/19/2016,10/21/2016,19.7,,F,73,,100,,,Non-toxic
12-NAIL-0.1,10/19/2016,10/21/2016,24,,F,89,,100,,,Non-toxic
12-BALU-0.1,10/19/2016,10/21/2016,25.9,,F,96,,100,,,Non-toxic
01-NIAG-0.2,10/24/2016,10/28/2016,12.1,,F,75,,90,,,Non-toxic
01-RANS_T1-0.2,10/24/2016,10/28/2016,7,,T,44,,40,,T,Severe
01-ELLI-10.3,10/24/2016,10/28/2016,20.8,,F,129,,90,,,Non-toxic
01-BUFF-1.7,10/24/2016,10/28/2016,20.2,,F,126,,100,,,Non-toxic
01-BUFC-37.8,10/25/2016,10/28/2016,16.9,,F,105,,100,,,Non-toxic
01-CLEA-0.1,10/25/2016,10/28/2016,18.2,,F,113,,100,,,Non-toxic
01-PICR-1.3,10/25/2016,10/28/2016,19.3,,F,120,,100,,,Non-toxic
01-SILV-0.3,10/25/2016,10/28/2016,17.3,,F,108,,90,,,Non-toxic
01-CWAY-14.5,10/26/2016,10/28/2016,16.2,,F,101,,100,,,Non-toxic
01-CWAY-14.5,10/26/2016,10/28/2016,16.2,,F,101,,100,,,Non-toxic
01-HYCK-1.6,10/26/2016,10/28/2016,16.5,,F,103,,100,,,Non-toxic
01-CRKB-2.1,10/26/2016,10/28/2016,22.8,,F,142,,100,,,Non-toxic
01-VBUR-0.4,10/25/2016,10/28/2016,15.7,,F,98,,90,,,Non-toxic
01-BOUR-0.4,10/26/2016,10/28/2016,17.5,,F,109,,100,,,Non-toxic
03-JEDO-1.4,10/26/2016,10/28/2016,15.9,,F,92,,90,,,Non-toxic
03-SNDY-2.9,10/25/2016,10/28/2016,18.6,,F,108,,100,,,Non-toxic
03-SLTR-1.5,10/25/2016,10/28/2016,16.2,,F,94,,90,,,Non-toxic
03-SALM-1.3,10/25/2016,10/28/2016,16.3,,F,94,,90,,,Non-toxic
03-SAND-8.4,10/24/2016,10/28/2016,23.7,,F,137,,100,,,Non-toxic
03-SAND-29.3,10/24/2016,10/28/2016,18.3,,F,106,,90,,,Non-toxic
03-MAD-2.5,10/25/2016,10/28/2016,12.9,,F,75,,100,,,Non-toxic
03-SKIN_T5-0.2,10/24/2016,10/28/2016,16.1,,F,93,,100,,,Non-toxic
03-ORWL-3.1,10/25/2016,10/28/2016,14.4,,F,83,,100,,,Non-toxic
03-BARA-11.5,10/24/2016,10/28/2016,15,,F,87,,100,,,Non-toxic
05-CHEM-5.4,8/16/2017,8/18/2017,8.9,,F,,T,70,,,Insufficient Data
05-CDEA-1.8,8/16/2017,8/18/2017,19.5,,F,,T,90,,,Insufficient Data
08-BLCK-8.0,8/16/2017,8/18/2017,11.4,,F,,T,90,,,Insufficient Data
08-BLCK-84.5,8/15/2017,8/18/2017,8,,F,,T,80,,,Insufficient Data
13-WALK-18.6,8/15/2017,8/18/2017,15.9,,F,,T,100,,,Insufficient Data
13-ROND-9.9,8/15/2017,8/18/2017,15.2,,F,,T,90,,,Insufficient Data
05-CHEM-5.4,10/17/2017,10/20/2017,14,,F,65,,90,,,Non-toxic
05-CDEA-1.8,10/17/2017,10/20/2017,18.6,,F,87,,90,,,Non-toxic
08-BLCK-84.5,10/17/2017,10/20/2017,13.9,,F,65,,90,,,Non-toxic
13-LHUD-124.1,10/17/2017,10/20/2017,9.1,,T,43,,90,,,Slight
09-GTCH-17.7,10/17/2017,10/20/2017,19.8,,F,93,,90,,,Non-toxic
10-SABL-14.6,4/18/2018,4/20/2018,3.8,,T,19,,20,,T,Severe
10-BOQT-2.6,4/18/2018,4/20/2018,8.7,,T,44,,40,,T,Severe
17-BRNX-5.6,4/18/2018,4/20/2018,22.1,,F,113,,60,,,Non-toxic
17-CARM-9.0,4/18/2018,4/20/2018,12.2,,F,62,,60,,,Non-toxic
10-SARA-0.4,4/18/2018,4/20/2018,9.2,,T,47,,70,,,Slight
06-SUSQ-31.4,4/17/2018,4/20/2018,13.2,,F,67,,80,,,Non-toxic
06-TOGH-32.8,4/17/2018,4/20/2018,17.4,,F,89,,80,,,Non-toxic
06-DILA-5.4,4/18/2018,4/20/2018,9.1,,T,46,,40,,T,Severe
17-BRNX-5.6,6/13/2018,6/15/2018,7.3,,T,46,,80,,,Slight
17-CARM-9.0,6/13/2018,6/15/2018,4.4,,T,28,,60,,T,Severe
06-SUSQ-31.4,6/12/2018,6/15/2018,14,,F,88,,70,,,Non-toxic
06-TOGH-32.8,6/12/2018,6/15/2018,13.7,,F,86,,60,,T,Moderate
06-DILA-5.4,6/14/2018,6/15/2018,12.6,,F,79,,70,,,Non-toxic
10-SABL-14.6,8/14/2018,8/17/2018,24.6,,F,90,,100,,,Non-toxic
10-BOQT-2.6,8/14/2018,8/17/2018,32.6,,F,119,,100,,,Non-toxic
17-BRNX-5.6,8/13/2018,8/17/2018,36.9,,F,135,,100,,,Non-toxic
17-CARM-9.0,8/13/2018,8/17/2018,28.6,,F,104,,100,,,Non-toxic
10-SARA-0.4,8/14/2018,8/17/2018,16.6,,T,59,,90,,,Slight
06-SUSQ-31.4,8/13/2018,8/17/2018,24.9,,F,88,,100,,,Non-toxic
06-TOGH-32.8,8/13/2018,8/17/2018,29.7,,F,105,,100,,,Non-toxic
06-DILA-5.4,8/14/2018,8/17/2018,33.6,,F,118,,100,,,Non-toxic
10-SABL-14.6,10/16/2018,10/19/2018,6.3,,T,38,,100,,,Slight
10-BOQT-2.6,10/16/2018,10/19/2018,15.1,,F,90,,100,,,Non-toxic
17-BRNX-5.6,10/15/2018,10/19/2018,10.2,,T,61,,100,,,Slight
17-CARM-9.0,10/15/2018,10/19/2018,7.5,,T,45,,100,,,Slight
10-SARA-0.4,10/16/2018,10/19/2018,5.2,,T,33,,80,,,Slight
06-SUSQ-31.4,10/16/2018,10/19/2018,7.3,,T,46,,90,,,Slight
06-TOGH-32.8,10/16/2018,10/19/2018,9.4,,T,59,,90,,,Slight
06-DILA-5.4,10/16/2018,10/19/2018,9.1,,T,57,,100,,,Slight
04-RAGA-1.4,4/15/2019,4/19/2019,18.4,,F,120,,100,,,Non-toxic
14-DELA-1.3,4/17/2019,4/19/2019,3.6,,T,24,,80,,,Slight
04-GENS-2.6,4/16/2019,4/19/2019,18.6,,F,122,,90,,,Non-toxic
09-GRAS-7.8,4/15/2019,4/19/2019,11.3,,T,65,,100,,,Slight
09-LSAL-7.6,4/16/2019,4/19/2019,11.1,,T,64,,80,,,Slight
14-NEVR-8.9,4/17/2019,4/19/2019,3.1,,T,18,,40,,T,Severe
09-GTCH-17.7,4/15/2019,4/19/2019,7.3,,T,42,,100,,,Slight
04-UGNS-137.8,4/16/2019,4/19/2019,12.9,,F,75,,100,,,Non-toxic
14-WDEL-16.2,4/17/2019,4/19/2019,4.3,,T,28,,90,,,Slight
04-RAGA-1.4,6/10/2019,6/14/2019,27.7,,F,147,,100,,,Non-toxic
14-DELA-1.3,6/12/2019,6/14/2019,7.8,,T,42,,90,,,Slight
04-GENS-2.6,6/11/2019,6/14/2019,21.2,,F,113,,100,,,Non-toxic
09-GRAS-7.8,6/10/2019,6/14/2019,8,,T,44,,90,,,Slight
09-LSAL-7.6,6/12/2019,6/14/2019,17,,F,94,,100,,,Non-toxic
14-NEVR-8.9,6/12/2019,6/14/2019,7.8,,T,43,,90,,,Slight
09-GTCH-17.7,6/10/2019,6/14/2019,6.3,,T,35,,90,,,Slight
04-UGNS-137.8,6/12/2019,6/14/2019,16.4,,F,87,,100,,,Non-toxic
14-WDEL-16.2,6/10/2019,6/14/2019,12.8,,F,68,,90,,,Non-toxic
04-RAGA-1.4,8/13/2019,8/16/2019,18.1,,F,91,,100,,,Non-toxic
14-DELA-1.3,8/14/2019,8/16/2019,2.9,,T,15,,50,,T,Severe
04-GENS-2.6,8/14/2019,8/16/2019,7.3,,T,37,,100,,,Slight
09-GRAS-7.8,8/14/2019,8/16/2019,5.8,,T,35,,90,,,Slight
09-LSAL-7.6,8/14/2019,8/16/2019,15,,F,90,,90,,,Non-toxic
14-NEVR-8.9,8/14/2019,8/16/2019,8.2,,T,49,,100,,,Slight
09-GTCH-17.7,8/14/2019,8/16/2019,7.7,,T,46,,100,,,Slight
04-UGNS-137.8,8/13/2019,8/16/2019,7.9,,T,40,,100,,,Slight
14-WDEL-16.2,8/14/2019,8/16/2019,4.6,,T,23,,30,,T,Severe
04-RAGA-1.4,10/21/2019,10/25/2019,32.8,,F,88,,100,,,Non-toxic
14-DELA-1.3,10/24/2019,10/25/2019,17.3,,T,47,,100,,,Slight
04-GENS-2.6,10/21/2019,10/25/2019,34.7,,F,94,,100,,,Non-toxic
09-GRAS-7.8,10/21/2019,10/25/2019,15,,T,48,,100,,,Slight
09-LSAL-7.6,10/21/2019,10/25/2019,27,,F,85,,100,,,Non-toxic
14-NEVR-8.9,10/24/2019,10/25/2019,20.7,,T,67,,80,,,Slight
09-GTCH-17.7,10/21/2019,10/25/2019,14.1,,T,45,,100,,,Slight
04-UGNS-137.8,10/23/2019,10/25/2019,21.5,,T,58,,90,,,Slight
14-WDEL-16.2,10/23/2019,10/25/2019,27.1,,T,73,,100,,,Slight
