TSR_EVENT_SMAS_HISTORY_ID,TSR_EVENT_SMAS_SAMPLE_DATE,TSR_SED_TEST_DATE,TSR_POREWATER_TEST_DATE,TSR_SEDIMENT_RSLT,TSR_SEDIMENT_RSLT_QLFR,TSR_POREWATER_RSLT,TSR_POREWATER_RSLT_QLFR,TSR_SEDIMENT_ASMT,TSR_POREWATER_ASMT
10-CMIL-3.3,7/19/2018,8/2/2018,8/3/2018,69.1,,100,,Non-toxic,Non-toxic
10-SABL_E-7.6,7/18/2018,8/2/2018,8/3/2018,17.54,,100,,Severe,Non-toxic
10-ROCY-0.1,7/18/2018,8/2/2018,8/3/2018,37.41,,100,,Moderate,Non-toxic
10-LCHU-2.0,7/19/2018,8/2/2018,8/3/2018,58.4,,100,,Slight,Non-toxic
10-ROUT-1.3,7/19/2018,8/2/2018,8/3/2018,25.46,,100,,Moderate,Non-toxic
10-TWOB-3.6,7/18/2018,8/2/2018,8/3/2018,29.46,,100,,Moderate,Non-toxic
10-SAMN-4.2,7/17/2018,8/2/2018,8/3/2018,48.52,,100,,Slight,Non-toxic
10-LGEO_T62-0.2,7/19/2018,8/2/2018,8/3/2018,69.58,,100,,Non-toxic,Non-toxic
10-LGLN-0.5,7/19/2018,8/2/2018,8/3/2018,51.23,,100,,Slight,Non-toxic
10-LCHZ-2.4,7/17/2018,8/2/2018,8/3/2018,65.31,,100,,Non-toxic,Non-toxic
10-SMIB-0.5,7/19/2018,8/2/2018,8/3/2018,35.71,,100,,Moderate,Non-toxic
10-WSBR-0.2,7/19/2018,8/2/2018,8/3/2018,46.5,,100,,Slight,Non-toxic
06-PAYN-0.4,8/7/2018,8/28/2018,8/28/2018,46.27,,100,,Slight,Non-toxic
06-OTTC-0.2,8/8/2018,8/28/2018,8/28/2018,93.12,,100,,Non-toxic,Non-toxic
06-BTNT_T-12.0,8/9/2018,8/28/2018,8/28/2018,90,,100,,Non-toxic,Non-toxic
06-OTGO-10.8,8/9/2018,8/28/2018,8/28/2018,59.32,,100,,Slight,Non-toxic
06-DILA-5.4,8/9/2018,8/28/2018,8/28/2018,55.26,,100,,Slight,Non-toxic
06-TOGH-29.8,8/8/2018,8/28/2018,8/28/2018,23.47,,100,,Moderate,Non-toxic
06-NWIN-0.2,8/7/2018,8/28/2018,8/28/2018,51.73,,100,,Slight,Non-toxic
06-NVUS-0.9,8/9/2018,8/28/2018,8/28/2018,60.83,,100,,Non-toxic,Non-toxic
06-NVUS-6.4,8/9/2018,8/28/2018,8/28/2018,66.71,,100,,Non-toxic,Non-toxic
17-BVBR-0.3,9/11/2018,10/30/2018,10/31/2018,76.55,,100,,Non-toxic,Non-toxic
17-VALL-0.2,9/12/2018,10/30/2018,10/31/2018,20.15,,100,,Moderate,Non-toxic
17-CSHA-1.9,9/11/2018,10/30/2018,10/31/2018,50.7,,100,,Slight,Non-toxic
17-TUTL-2.1,9/12/2018,10/30/2018,10/31/2018,49.68,,100,,Slight,Non-toxic
17-CARM-9.0,9/12/2018,10/30/2018,10/31/2018,31.01,,100,,Moderate,Non-toxic
17-PECN-7.6,9/12/2018,10/30/2018,10/31/2018,85.23,,100,,Non-toxic,Non-toxic
17-MILR-5.3,9/11/2018,10/30/2018,10/31/2018,84.3,,100,,Non-toxic,Non-toxic
17-SWML-1.4,9/12/2018,10/30/2018,10/31/2018,84.51,,100,,Non-toxic,Non-toxic
17-CARL-1.8,9/12/2018,10/30/2018,10/31/2018,83.05,,100,,Non-toxic,Non-toxic
17-PECN-_T6-0.8,9/12/2018,10/30/2018,10/31/2018,95.14,,100,,Non-toxic,Non-toxic
17-PENA-1.4,9/12/2018,10/30/2018,10/31/2018,38.81,,100,,Moderate,Non-toxic
17-EMED-0.4,9/12/2018,10/30/2018,10/31/2018,32.31,,100,,Moderate,Non-toxic
17-OROW-2.0,9/12/2018,10/30/2018,10/31/2018,58.03,,100,,Slight,Non-toxic
17-BRNX-5.6,9/11/2018,10/30/2018,10/31/2018,54.12,,100,,Slight,Non-toxic
17-SAMP-0.4,9/12/2018,10/30/2018,10/31/2018,61.56,,100,,Non-toxic,Non-toxic
17-BRNX-17.3,9/11/2018,10/30/2018,10/31/2018,79.99,,100,,Non-toxic,Non-toxic
15-RAMA_T25_3-0.2,8/22/2018,10/11/2018,10/11/2018,6.842,,100,,Severe,Non-toxic
15-RAMA-16.5,8/21/2018,10/11/2018,10/11/2018,13.78,,100,,Severe,Non-toxic
15-RAMA-16.1,8/21/2018,10/11/2018,10/11/2018,19.64,,100,,Severe,Non-toxic
15-RAMA-1.1,8/21/2018,10/11/2018,10/11/2018,44.05,,100,,Slight,Non-toxic
15-RAMA-18.6,9/6/2018,10/11/2018,10/11/2018,68.75,,100,,Non-toxic,Non-toxic
04-EKOY-2.2,7/24/2019,9/5/2019,9/6/2019,47.6,,100,,Slight,Non-toxic
04-MUCK-4.3,7/24/2019,9/5/2019,9/6/2019,30.95,,100,,Moderate,Non-toxic
04-UGNS_T186-0.1,7/25/2019,9/5/2019,9/6/2019,77.69,,100,,Non-toxic,Non-toxic
04-MARH_T13-1.9,7/25/2019,9/5/2019,9/6/2019,60.28,,100,,Non-toxic,Non-toxic
04-UGNS-97.8,7/24/2019,9/5/2019,9/6/2019,47.15,,100,,Slight,Non-toxic
04-UGNS-146.5,7/25/2019,9/5/2019,9/6/2019,21.34,,100,,Moderate,Non-toxic
04-PATG-0.3,7/24/2019,9/5/2019,9/6/2019,86.13,,100,,Non-toxic,Non-toxic
04-RUSH-0.4,7/24/2019,9/5/2019,9/6/2019,64.36,,100,,Non-toxic,Non-toxic
04-WCOY-0.7,7/24/2019,9/5/2019,9/6/2019,56.64,,100,,Slight,Non-toxic
04-JCOX_S-3.7,7/23/2019,9/5/2019,9/6/2019,30.27,,100,,Moderate,Non-toxic
04-MCMI_S-0.5,7/23/2019,9/5/2019,9/6/2019,75.65,,100,,Non-toxic,Non-toxic
04-WCONI-0.6,7/23/2019,9/5/2019,9/6/2019,68.28,,100,,Non-toxic,Non-toxic
04-GENS-44.1,7/24/2019,9/5/2019,9/6/2019,58.04,,100,,Slight,Non-toxic
04-UGNS-60.8,7/24/2019,12/10/2019,12/11/2019,85.33,,100,,Non-toxic,Non-toxic
04-HONY_T13-5.7,7/23/2019,9/5/2019,9/6/2019,83.38,,100,,Non-toxic,Non-toxic
09-SOAP-0.8,9/18/2019,12/5/2019,12/6/2019,84.14,,100,,Non-toxic,Non-toxic
09-RAQU-12.8,9/11/2019,12/5/2019,12/6/2019,35.15,,100,,Moderate,Non-toxic
09-RAQU-21.9,9/11/2019,12/5/2019,12/6/2019,100,,100,,Non-toxic,Non-toxic
09-WHIK-0.8,9/11/2019,12/5/2019,12/6/2019,42.55,,70.3,,Slight,Toxic
09-GTCH-0.8,9/17/2019,12/5/2019,12/6/2019,93.54,,100,,Non-toxic,Non-toxic
09-TROU-0.6,9/12/2019,12/5/2019,12/6/2019,84.56,,100,,Non-toxic,Non-toxic
09-SAL9-12.1,9/12/2019,12/5/2019,12/6/2019,41.5,,100,,Slight,Non-toxic
09-PLUB-1.1,9/11/2019,12/5/2019,12/6/2019,80.51,,100,,Non-toxic,Non-toxic
09-INDN-92.7,9/10/2019,12/5/2019,12/6/2019,61.24,,100,,Non-toxic,Non-toxic
09-LTTL-13.2,9/10/2019,12/5/2019,12/6/2019,53.08,,,,Slight,Insufficient Data
14-CALL_E-0.2,8/21/2019,12/10/2019,12/11/2019,85.24,,100,,Non-toxic,Non-toxic
14-DELA-1.2,8/20/2019,12/10/2019,12/11/2019,78.09,,100,,Non-toxic,Non-toxic
14-HURL-2.8,8/20/2019,12/10/2019,12/11/2019,54.13,,100,,Slight,Non-toxic
14-WDEL-51.0,8/22/2019,12/10/2019,12/11/2019,100,,55.27,,Non-toxic,Toxic
14-MONG_W-0.2,8/20/2019,12/10/2019,12/11/2019,92.08,,100,,Non-toxic,Non-toxic
14-WILL-18.3,8/21/2019,12/10/2019,12/11/2019,64,,63.54,,Non-toxic,Toxic
14-WILL-3.1,8/21/2019,12/10/2019,12/11/2019,98.36,,100,,Non-toxic,Non-toxic
14-TOWN_T11-0.2,8/22/2019,12/10/2019,12/11/2019,88.02,,100,,Non-toxic,Non-toxic
14-BEEB-3.5,8/21/2019,12/10/2019,12/11/2019,100,,100,,Non-toxic,Non-toxic
14-MONG_M-0.3,8/20/2019,12/10/2019,12/11/2019,100,,100,,Non-toxic,Non-toxic
13-POCH-1.8,8/8/2019,12/5/2019,12/6/2019,92.37,,100,,Non-toxic,Non-toxic
13-TINW-0.5,8/8/2019,12/5/2019,12/6/2019,20.56,,100,,Moderate,Non-toxic
13-DWAR-2.0,8/14/2019,12/5/2019,12/6/2019,23.32,,78.23,,Moderate,Toxic
13-PKIL-0.4,8/8/2019,12/5/2019,12/6/2019,69.38,,100,,Non-toxic,Non-toxic
13-RUTG-1.5,8/8/2019,12/5/2019,12/6/2019,70.45,,,,Non-toxic,Insufficient Data
13-SWAK-1.7,8/8/2019,12/5/2019,12/6/2019,86.19,,100,,Non-toxic,Non-toxic
01-NIAG-0.2,8/3/2011,8/10/2011,8/10/2011,69.84,,100,,Non-toxic,Non-toxic
01-TONA-19.6,8/23/2006,11/8/2006,11/14/2006,22.52,,100,,Slight,Non-toxic
01-TONA-65.8,8/2/2011,8/10/2011,8/10/2011,49.17,,100,,Non-toxic,Non-toxic
01-TONA_E-0.1,8/3/2011,8/10/2011,8/10/2011,23.66,,100,,Slight,Non-toxic
01-RANS_T1-0.2,7/21/2016,8/17/2016,8/18/2016,32.44,,100,,Moderate,Non-toxic
01-ELLI-10.3,7/21/2016,8/17/2016,8/18/2016,21.55,,100,,Moderate,Non-toxic
01-RANS-3.1,8/23/2006,11/8/2006,11/14/2006,1.62,,100,,Moderate,Non-toxic
01-MUDN-2.6,8/23/2006,11/8/2006,11/14/2006,2.11,,100,,Moderate,Non-toxic
01-LTON-3.7,8/23/2006,11/8/2006,11/14/2006,16.84,,100,,Moderate,Non-toxic
01-BUFF-1.7,8/2/2011,8/10/2011,8/10/2011,29.67,,100,,Slight,Non-toxic
01-BUFF-1.7,8/23/2006,11/8/2006,11/14/2006,11.41,,100,,Moderate,Non-toxic
01-CAZE-1.1,8/23/2006,11/8/2006,11/14/2006,9.61,,100,,Moderate,Non-toxic
01-YUGA-3.9,8/23/2006,11/8/2006,11/14/2006,2.71,,65.13,,Moderate,Toxic
01-BUFC-2.2,8/23/2006,11/8/2006,11/14/2006,0.92,,100,,Severe,Non-toxic
01-BUFC-37.8,7/19/2016,8/17/2016,8/18/2016,29.92,,100,,Moderate,Non-toxic
01-CAZE_E-0.3,8/2/2011,8/10/2011,8/10/2011,25.2,,100,,Slight,Non-toxic
01-LBUF-0.1,8/2/2011,8/10/2011,8/10/2011,30.31,,100,,Slight,Non-toxic
01-TEEN-0.4,8/23/2006,11/8/2006,11/14/2006,23.08,,100,,Slight,Non-toxic
01-CATT-2.0,8/23/2006,11/8/2006,11/14/2006,9.13,,100,,Moderate,Non-toxic
01-CATT-2.0,8/1/2011,8/10/2011,8/10/2011,52.93,,100,,Non-toxic,Non-toxic
01-SMOK-2.4,8/23/2006,11/8/2006,11/14/2006,12.7,,100,,Moderate,Non-toxic
01-RUCK-0.7,8/25/2010,10/13/2010,10/13/2010,29.97,,100,,Slight,Non-toxic
01-RUCK-0.7,8/2/2011,8/10/2011,8/10/2011,27.79,,100,,Slight,Non-toxic
01-TEES-2.6,8/23/2006,11/8/2006,11/14/2006,36.8,,100,,Slight,Non-toxic
01-CLAR-0.6,8/23/2006,11/8/2006,11/14/2006,10.51,,100,,Moderate,Non-toxic
01-CATT_S-12.6,8/23/2006,11/8/2006,11/14/2006,9.73,,100,,Moderate,Non-toxic
01-CLEA-0.1,7/19/2016,8/17/2016,8/18/2016,42.24,,100,,Slight,Non-toxic
01-CLEA-3.1,8/2/2011,8/10/2011,8/10/2011,62.14,,100,,Non-toxic,Non-toxic
01-SPOO-0.3,8/2/2011,8/10/2011,8/10/2011,16.86,,100,,Moderate,Non-toxic
01-SILV-0.3,7/19/2016,8/17/2016,8/18/2016,25.43,,100,,Moderate,Non-toxic
01-CWAY-0.2,8/23/2006,11/8/2006,11/14/2006,13.58,,100,,Moderate,Non-toxic
01-CWAY-14.5,7/20/2016,8/17/2016,8/18/2016,34.7,,100,,Moderate,Non-toxic
01-CWAY-14.5,7/20/2016,8/17/2016,8/18/2016,34.7,,100,,Moderate,Non-toxic
01-CHAU-0.4,8/1/2011,8/10/2011,8/10/2011,48.14,,100,,Non-toxic,Non-toxic
01-WLNT-8.2,8/1/2011,8/10/2011,8/10/2011,70.03,,100,,Non-toxic,Non-toxic
01-CRKB-2.1,7/20/2016,8/17/2016,8/18/2016,46.61,,100,,Slight,Non-toxic
01-VBUR-0.4,7/20/2016,8/17/2016,8/18/2016,46.65,,100,,Slight,Non-toxic
02-ALGY-20.3,8/7/2007,12/19/2007,12/19/2007,39.85,,,,Slight,Insufficient Data
02-ALGY-20.3,7/19/2012,8/29/2012,8/29/2012,34.31,,100,,Slight,Non-toxic
02-TUNG-1.3,8/7/2007,12/19/2007,12/19/2007,47.34,,100,,Non-toxic,Non-toxic
02-OLEA-3.9,8/8/2007,12/19/2007,12/19/2007,18.91,,100,,Moderate,Non-toxic
02-QRUN-0.3,8/7/2007,12/19/2007,12/19/2007,57.47,,100,,Non-toxic,Non-toxic
02-ISCH-2.2,8/8/2007,12/19/2007,12/19/2007,36.92,,100,,Slight,Non-toxic
02-BLHL-0.5,7/24/2012,8/29/2012,8/29/2012,17.11,,100,,Moderate,Non-toxic
02-BLHL-0.5,7/28/2011,8/3/2011,8/4/2011,2.8,,100,,Moderate,Non-toxic
02-ENSH-1.9,7/24/2012,8/29/2012,8/29/2012,58.95,,100,,Non-toxic,Non-toxic
02-LGEN-3.6,7/24/2012,8/29/2012,8/29/2012,10.49,,100,,Moderate,Non-toxic
02-WANG-20.9,8/7/2007,12/19/2007,12/19/2007,39.83,,100,,Slight,Non-toxic
02-WANG-20.9,7/24/2012,8/29/2012,8/29/2012,37.79,,100,,Slight,Non-toxic
02-CASS-12.5,8/7/2007,12/19/2007,12/19/2007,19.69,,100,,Moderate,Non-toxic
02-CLER-8.6,7/24/2012,8/29/2012,8/29/2012,39.42,,100,,Slight,Non-toxic
02-STIL-7.2,7/23/2012,8/29/2012,8/29/2012,49.71,,100,,Non-toxic,Non-toxic
02-CHAD-2.2,7/23/2012,8/29/2012,8/29/2012,49.12,,100,,Non-toxic,Non-toxic
02-GOOS-2.9,7/23/2012,8/29/2012,8/29/2012,49.19,,100,,Non-toxic,Non-toxic
03-JOHN-9.1,8/19/2011,8/24/2011,8/24/2011,27.97,,100,,Slight,Non-toxic
03-ORCH-21.6,8/10/2010,8/25/2010,8/25/2010,75.16,,36.59,,Non-toxic,Toxic
03-FOMI-0.8,8/24/2010,10/13/2010,10/13/2010,16.83,,100,,Moderate,Non-toxic
03-FOMI-0.8,8/3/2011,8/10/2011,8/10/2011,34.84,,100,,Slight,Non-toxic
03-JEDO-1.4,8/16/2016,11/29/2016,11/30/2016,47.43,,100,,Slight,Non-toxic
03-SNDY-2.9,8/16/2016,11/29/2016,11/30/2016,33.36,,100,,Moderate,Non-toxic
03-SLTR-1.5,8/16/2016,11/29/2016,11/30/2016,45,,100,,Slight,Toxic
03-NIMI-0.8,8/22/2007,12/12/2007,12/13/2007,7.91,,100,,Moderate,Non-toxic
03-SDUS-2.5,8/22/2007,12/12/2007,12/13/2007,3.48,,100,,Moderate,Non-toxic
03-IRON-10.2,8/19/2005,1/13/2005,1/16/2006,1.17,,100,,Severe,Non-toxic
03-SALM-1.3,8/17/2016,11/29/2016,11/30/2016,52.57,,100,,Slight,Non-toxic
03-SALM-7.8,8/23/2007,12/12/2007,12/13/2007,20.07,,100,,Slight,Non-toxic
03-SAND-2.7,9/18/2013,1/7/2013,1/8/2014,12.72,,100,,Severe,Non-toxic
03-SAND-2.7,10/1/2008,1/13/2008,1/16/2009,15.3,,100,,Moderate,Non-toxic
03-SAND-8.4,8/18/2016,11/29/2016,11/30/2016,9.85,,100,,Severe,Non-toxic
03-SAND-29.3,8/18/2016,11/29/2016,11/30/2016,36.4,,100,,Moderate,Non-toxic
03-SSAN-6.3,9/18/2013,1/7/2013,1/8/2014,80.81,,100,,Non-Toxic,Non-toxic
03-CATF-1.3,8/7/2012,12/18/2012,12/18/2012,16.1,,100,,Moderate,Non-toxic
03-MAD-2.5,8/17/2016,11/29/2016,11/30/2016,65.49,,100,,Non-toxic,Non-toxic
03-SKIN_T5-0.2,8/18/2016,11/29/2016,11/30/2016,79.18,,100,,Non-toxic,Non-toxic
03-SAND_T14-0.3,9/18/2013,1/7/2013,1/8/2014,52.58,,100,,Moderate,Non-toxic
03-ORWL-3.1,8/17/2016,11/29/2016,11/30/2016,60.49,,100,,Non-toxic,Non-toxic
03-BARA-11.5,8/17/2016,11/29/2016,11/30/2016,64.2,,100,,Non-toxic,Non-toxic
04-GENS-2.6,8/10/2010,8/25/2010,8/25/2010,51.08,,100,,Non-toxic,Non-toxic
04-GENS-2.6,9/27/2005,11/8/2005,11/9/2005,6.65,,100,,Moderate,Non-toxic
04-OATK-1.5,9/27/2005,11/8/2005,11/9/2005,2.37,,100,,Moderate,Non-toxic
04-OATK-46.2,7/29/2015,9/24/2015,9/25/2015,64.52,,100,,Slight,Non-toxic
04-HONY-9.6,9/14/2005,10/27/2005,10/28/2005,2.93,,100,,Moderate,Non-toxic
04-HONY-9.6,7/30/2015,9/24/2015,9/25/2015,68.03,,100,,Non-toxic,Non-toxic
04-LBLA-1.0,9/27/2005,11/8/2005,11/9/2005,6.68,,100,,Moderate,Non-toxic
04-BIDW-1.5,7/29/2015,9/24/2015,9/25/2015,48.32,,100,,Slight,Non-toxic
04-SPRG-2.5,7/30/2015,9/24/2015,9/25/2015,52.53,,100,,Slight,Non-toxic
04-BSPR-0.2,7/30/2015,9/24/2015,9/25/2015,44.64,,100,,Moderate,Non-toxic
04-RICM_T9-0.4,7/29/2015,9/24/2015,9/25/2015,65.48,,100,,Non-toxic,Non-toxic
04-LIMK-1.3,7/29/2015,9/24/2015,9/25/2015,68.29,,100,,Non-toxic,Non-toxic
04-UGNS-132.0,9/27/2005,11/8/2005,11/9/2005,1.55,,100,,Moderate,Non-toxic
04-CNEA-0.1,9/27/2005,11/8/2005,11/8/2005,21.98,,,,Slight,Insufficient Data
04-CLCK-0.2,8/11/2010,8/25/2010,8/25/2010,67.47,,100,,Non-toxic,Non-toxic
04-DYKE-0.3,9/27/2005,11/8/2005,11/9/2005,10.25,,100,,Moderate,Non-toxic
04-VCAM-0.4,8/11/2010,8/25/2010,8/25/2010,51.25,,100,,Non-toxic,Non-toxic
04-PHIP-0.1,8/11/2010,8/25/2010,8/25/2010,46.67,,100,,Non-toxic,Non-toxic
04-VANM-8.2,8/12/2010,8/25/2010,8/25/2010,18.97,,100,,Moderate,Non-toxic
04-PLBO-3.3,7/28/2015,9/24/2015,9/25/2015,76,,100,,Non-toxic,Non-toxic
04-CRAW-0.4,7/28/2015,9/24/2015,9/25/2015,47.17,,100,,Slight,Non-toxic
04-EKOY-1.9,9/27/2005,11/8/2005,11/9/2005,22.26,,100,,Slight,Non-toxic
04-RAGA-1.4,9/27/2005,11/8/2005,11/9/2005,2.19,,100,,Moderate,Non-toxic
04-RAGA-9.3,7/29/2015,9/24/2015,9/25/2015,54.29,,100,,Slight,Non-toxic
05-CDEA-1.8,8/9/2017,11/21/2017,11/21/2017,26.62,,100,,Moderate,Non-toxic
05-COHO-33.6,8/9/2017,11/21/2017,11/21/2017,32.66,,100,,Moderate,Non-toxic
05-GOFF-0.5,8/9/2017,11/21/2017,11/21/2017,28.37,,31.04,,Moderate,Toxic
05-HOFF-0.8,8/28/2017,11/21/2017,11/21/2017,100,,100,,Non-toxic,Non-toxic
05-MCHE-1.5,8/9/2017,11/21/2017,11/21/2017,60.63,,100,,Non-toxic,Non-toxic
05-MDCR-0.9,8/29/2017,11/21/2017,11/21/2017,66.06,,100,,Non-toxic,Non-toxic
05-MIGA-0.4,8/9/2017,11/21/2017,11/21/2017,29.94,,58.59,,Moderate,Toxic
05-STEO-28.7,8/9/2017,11/21/2017,11/21/2017,36.25,,53.64,,Moderate,Toxic
05-TRPS-9.5,8/9/2017,11/21/2017,11/21/2017,22.67,,73.76,,Moderate,Toxic
05-CHEM-5.4,9/3/2008,1/13/2008,1/16/2009,31.06,,100,,Slight,Non-toxic
05-NEWT-1.2,9/3/2008,1/13/2008,1/16/2009,34.65,,100,,Slight,Non-toxic
05-POSC-1.6,8/6/2013,1/7/2013,1/8/2014,77.8,,100,,Slight,Non-toxic
05-STEO_T22-0.2,8/6/2013,1/7/2013,1/8/2014,82.33,,100,,Non-toxic,Non-toxic
05-TUSC_N-8.4,8/6/2013,1/7/2013,1/8/2014,69.78,,100,,Slight,Non-toxic
05-COHO-5.9,9/2/2008,1/13/2008,1/16/2009,49.93,,100,,Non-toxic,Non-toxic
05-COHO-37.2,6/7/2013,1/7/2013,1/8/2014,86.68,,100,,Non-toxic,Non-toxic
05-STEO-9.7,8/6/2013,1/7/2013,1/8/2014,83.59,,100,,Non-toxic,Non-toxic
05-STEO-9.7,9/3/2008,1/13/2008,1/16/2009,46.09,,100,,Non-toxic,Non-toxic
05-STEO-33.9,9/2/2008,1/13/2008,1/16/2009,62.16,,100,,Non-toxic,Non-toxic
05-COWS-0.6,9/3/2008,1/13/2008,1/16/2009,49.08,,100,,Non-toxic,Non-toxic
05-TUSC-0.5,8/6/2013,1/7/2013,1/8/2014,78.49,,,,Slight,Insufficient Data
05-CDEA-1.8,9/2/2008,1/13/2008,1/16/2009,47.25,,100,,Non-toxic,Non-toxic
05-BGCK-0.6,9/2/2008,1/13/2008,1/16/2009,26.18,,,,Slight,Insufficient Data
05-PURD-0.2,9/2/2008,1/13/2008,1/16/2009,48.17,,100,,Non-toxic,Non-toxic
06-USSQ-149.8,10/5/2004,12/7/2004,12/8/2004,28.98,,100,,Slight,Non-toxic
06-USSQ-154.7,7/14/2009,9/23/2009,9/24/2009,48.25,,100,,Non-toxic,Non-toxic
06-DILA-5.4,9/24/2014,10/15/2014,10/15/2014,63.47,,100,,Slight,Non-toxic
06-DILA-5.4,10/5/2004,12/7/2004,12/8/2004,64.97,,100,,Non-toxic,Non-toxic
06-DILA-54.7,7/14/2009,9/23/2009,9/24/2009,45.5,,,,Non-toxic,Insufficient Data
06-BVIL-2.2,7/16/2009,9/23/2009,9/24/2009,50.45,,100,,Non-toxic,Non-toxic
06-NVUS-0.9,10/5/2004,12/7/2004,12/8/2004,20.7,,100,,Slight,Non-toxic
06-NVUS-0.9,7/16/2009,9/23/2009,9/24/2009,29.61,,98.15,,Slight,Toxic
06-NVUS-0.9,7/30/2014,9/3/2014,9/3/2014,74.3,,100,,Slight,Non-toxic
06-CHAR-9.5,7/16/2009,9/23/2009,9/24/2009,53.24,,100,,Non-toxic,Non-toxic
06-OAKS-0.7,7/14/2009,9/23/2009,9/24/2009,35.35,,100,,Slight,Non-toxic
06-BTNT-1.3,10/5/2004,12/7/2004,12/8/2004,,,,,Moderate,Non-toxic
06-PROP-0.1,7/15/2009,9/23/2009,9/24/2009,45.96,,100,,Non-toxic,Non-toxic
06-NANG-0.7,7/15/2009,9/23/2009,9/24/2009,30.88,,100,,Slight,Non-toxic
06-NANG_W-0.3,10/6/2004,12/7/2004,12/8/2004,18.38,,100,,Moderate,Non-toxic
06-NANG_W-0.3,7/14/2009,9/23/2009,9/24/2009,26.84,,100,,Slight,Non-toxic
06-TOGH-29.8,10/6/2004,12/7/2004,12/8/2004,24.99,,100,,Slight,Non-toxic
06-PAGE-0.6,7/29/2014,9/3/2014,9/3/2014,62.55,,100,,Slight,Non-toxic
06-SANG-2.9,7/14/2009,9/23/2009,9/24/2009,44.49,,100,,Non-toxic,Non-toxic
06-HUNC-1.5,7/29/2014,9/3/2014,9/3/2014,72.74,,100,,Slight,Non-toxic
06-HUNC-1.5,7/14/2009,9/23/2009,9/24/2009,51.58,,100,,Non-toxic,Non-toxic
06-SUSQ-6.9,7/16/2009,9/23/2009,9/24/2009,43.14,,82.74,,Non-toxic,Toxic
06-OWGO-0.3,7/15/2009,9/23/2009,9/24/2009,46.64,,100,,Non-toxic,Non-toxic
06-NANT-0.8,10/6/2004,12/7/2004,12/8/2004,33.08,,100,,Slight,Non-toxic
06-NANT-0.8,7/30/2014,9/3/2014,9/3/2014,70.82,,100,,Slight,Non-toxic
06-PIPE-0.7,10/6/2004,12/7/2004,12/8/2004,63,,100,,Non-toxic,Non-toxic
06-SNAK-0.4,10/5/2004,12/7/2004,12/8/2004,66.57,,100,,Non-toxic,Non-toxic
06-CHOC-0.5,7/15/2009,9/23/2009,9/24/2009,64.13,,100,,Non-toxic,Non-toxic
06-CAYU-15.5,7/15/2009,9/23/2009,9/24/2009,40.59,,100,,Non-toxic,Non-toxic
06-LCHO-2.0,7/29/2014,9/3/2014,9/3/2014,50.67,,100,,Moderate,Non-toxic
06-PATT-0.3,7/30/2014,9/3/2014,9/3/2014,69.12,,100,,Slight,Non-toxic
06-CATA-1.7,7/30/2014,9/3/2014,9/3/2014,69.36,,97.56,,Slight,Toxic
06-CATA-1.7,10/6/2004,12/7/2004,12/8/2004,22.58,,100,,Slight,Non-toxic
07-OSWE-5.2,8/22/2007,12/12/2007,12/13/2007,7,,100,,Moderate,Non-toxic
07-SEOS-22.4,8/21/2007,12/12/2007,12/13/2007,3.71,,100,,Moderate,Non-toxic
07-LEY-0.4,8/21/2007,12/12/2007,12/13/2007,0.028,,100,,Severe,Non-toxic
07-ONON-1.0,8/7/2012,12/18/2012,12/18/2012,16.53,,100,,Moderate,Non-toxic
07-ONON-1.0,9/21/2011,9/29/2011,9/29/2011,13.38,,100,,Moderate,Non-toxic
07-WFSHO_E-2.9,8/22/2007,12/12/2007,12/13/2007,60.59,,100,,Non-toxic,Non-toxic
07-SCON-0.9,8/7/2012,12/18/2012,12/18/2012,38.48,,100,,Slight,Non-toxic
07-BNUT-20.6,8/21/2007,12/12/2007,12/13/2007,3.92,,100,,Moderate,Non-toxic
07-TOTA-0.8,8/7/2012,12/18/2012,12/18/2012,75.61,,100,,Non-toxic,Non-toxic
07-TOTA-0.8,9/2/2011,9/14/2011,9/15/2011,16.21,,100,,Moderate,Non-toxic
07-LIME-2.8,8/21/2007,12/12/2007,12/13/2007,12.17,,100,,Moderate,Non-toxic
07-FLNT-3.6,8/22/2007,12/12/2007,12/13/2007,2.49,,88.42,,Moderate,Toxic
07-GRBR-0.3,8/31/2011,9/14/2011,9/15/2011,8.24,,100,,Moderate,Non-toxic
07-GRBR-0.3,8/9/2012,12/18/2012,12/18/2012,39.82,,100,,Slight,Non-toxic
07-CONK-1.0,8/8/2012,12/18/2012,12/18/2012,72.97,,100,,Non-toxic,Non-toxic
07-SEOS-53.0,8/22/2007,12/12/2007,12/13/2007,0.12,,100,,Severe,Non-toxic
07-FALL-0.9,8/8/2012,12/18/2012,12/18/2012,48.73,,100,,Non-toxic,Non-toxic
07-CAYG-1.1,8/21/2007,12/12/2007,12/13/2007,18.1,,100,,Moderate,Non-toxic
07-TGHN-3.5,8/8/2012,12/18/2012,12/18/2012,11.32,,100,,Moderate,Non-toxic
07-TRUM-2.8,8/8/2012,12/18/2012,12/18/2012,34.69,,100,,Slight,Non-toxic
07-TRUM-2.8,9/1/2011,9/14/2011,9/15/2011,6.75,,100,,Moderate,Non-toxic
07-SXML-0.7,8/8/2012,12/18/2012,12/18/2012,31.11,,100,,Slight,Non-toxic
07-OWLI-3.0,8/21/2007,12/12/2007,12/13/2007,19.23,,100,,Moderate,Non-toxic
07-DUCH-0.2,8/8/2012,12/18/2012,12/18/2012,38.4,,100,,Slight,Non-toxic
07-SKAN-2.2,8/21/2007,12/12/2007,12/13/2007,1.04,,100,,Moderate,Non-toxic
08-BENE-0.2,9/12/2017,11/7/2017,11/8/2017,74.11,,78.91,,Non-toxic,Toxic
08-FELT-0.3,9/12/2017,11/7/2017,11/8/2017,40.96,,100,,Slight,Non-toxic
08-KLSY-0.1,9/12/2017,11/7/2017,11/8/2017,23.95,,37.4,,Moderate,Toxic
08-MLCK-T2-0.1,9/13/2017,11/7/2017,11/8/2017,64.98,,100,,Non-toxic,Non-toxic
08-PHIL-0.3,9/13/2017,11/7/2017,11/8/2017,14.77,,17.48,,Severe,Toxic
08-SNDC-1.1,9/13/2017,11/7/2017,11/8/2017,71.4,,100,,Non-toxic,Non-toxic
08-BLCK-88.1,8/20/2008,1/13/2008,1/16/2009,71.39,,76.4,,Non-toxic,Toxic
08-BLCK-105.4,9/19/2013,1/7/2013,1/8/2014,67.36,,100,,Slight,Non-toxic
08-BEEV-0.8,8/19/2008,1/13/2008,1/16/2009,78.32,,,,Non-toxic,Insufficient Data
08-INDY-4.6,9/30/2008,1/13/2008,1/16/2009,84.28,,100,,Non-toxic,Non-toxic
08-LBLK-1.9,8/20/2008,1/13/2008,1/16/2009,86.32,,100,,Non-toxic,Non-toxic
08-ROAR-2.0,9/30/2008,1/13/2008,1/16/2009,75.16,,100,,Non-toxic,Non-toxic
08-MILE-0.7,9/19/2013,1/7/2013,1/8/2014,91.04,,100,,Non-toxic,Non-toxic
08-KLSY-0.1,9/18/2013,1/7/2013,1/8/2014,50.04,,100,,Moderate,Non-toxic
08-MLLL-1.8,9/19/2013,1/7/2013,1/8/2014,61.33,,100,,Slight,Non-toxic
08-MOOS-16.8,8/20/2008,1/13/2008,1/16/2009,70.64,,100,,Non-toxic,Non-toxic
08-MLLL_T7-0.8,9/18/2013,1/7/2013,1/8/2014,33.16,,100,,Severe,Non-toxic
08-PINC-0.4,8/20/2008,1/13/2008,1/16/2009,82.99,,,,Non-toxic,Insufficient Data
09-STLW-8.3,8/10/2005,9/7/2005,9/21/2005,5.31,,100,,Moderate,Non-toxic
09-BRND-2.5,9/22/2015,11/18/2015,11/19/2015,62.35,,100,,Slight,Non-toxic
09-SCKE-3.4,9/22/2015,11/18/2015,11/19/2015,38.13,,100,,Moderate,Non-toxic
09-REGI-2.8,7/14/2010,7/21/2010,7/22/2010,24.98,,100,,Slight,Non-toxic
09-REGI-7.8,7/14/2010,7/21/2010,7/22/2010,13.09,,100,,Moderate,Non-toxic
09-REGI-7.8,8/10/2005,9/7/2005,9/21/2005,13.67,,100,,Moderate,Non-toxic
09-CGAY-2.7,8/10/2005,9/7/2005,9/21/2005,31.76,,100,,Slight,Non-toxic
09-LSAL-0.6,8/10/2005,9/7/2005,9/21/2005,40.59,,100,,Non-toxic,Non-toxic
09-PIKC-0.9,8/10/2005,9/7/2005,9/21/2005,7.03,,100,,Moderate,Non-toxic
09-PIKC-8.7,9/21/2015,11/18/2015,11/19/2015,68.48,,100,,Non-toxic,Non-toxic
09-ENGL-2.5,7/15/2010,7/21/2010,7/22/2010,53.34,,100,,Non-toxic,Non-toxic
09-DERR-0.2,9/22/2015,11/18/2015,11/19/2015,71.15,,100,,Non-toxic,Non-toxic
09-REGI_W-2.7,7/14/2010,7/21/2010,7/22/2010,61.02,,100,,Non-toxic,Non-toxic
09-LSAL-3.1,7/14/2010,7/21/2010,7/22/2010,47.54,,100,,Non-toxic,Non-toxic
09-LAWR-5.9,8/10/2005,9/7/2005,9/21/2005,16.1,,100,,Moderate,Non-toxic
09-LSAL_T1-1.0,9/21/2015,11/18/2015,11/19/2015,61.43,,100,,Slight,Non-toxic
09-EDEE-13.4,9/21/2015,11/18/2015,11/19/2015,41.05,,,,Moderate,Insufficient Data
09-RAQU-43.8,8/11/2005,9/7/2005,9/21/2005,34.58,,100,,Slight,Non-toxic
09-RAQU-43.8,7/14/2010,7/21/2010,7/22/2010,30.75,,100,,Slight,Non-toxic
09-OMAL-0.3,7/14/2010,7/21/2010,7/22/2010,64.94,,100,,Non-toxic,Non-toxic
09-PARK-0.3,9/23/2015,11/18/2015,11/19/2015,25.7,,100,,Moderate,Non-toxic
09-LITL-3.5,8/11/2005,9/7/2005,9/21/2005,29.08,,100,,Slight,Non-toxic
09-PLMB-12.4,9/22/2015,11/18/2015,11/19/2015,79.11,,100,,Non-toxic,Non-toxic
09-GRAS_M-3.7,9/22/2015,11/18/2015,11/19/2015,71.53,,100,,Non-toxic,Non-toxic
09-ELMK-4.3,8/11/2005,9/7/2005,9/21/2005,17.23,,100,,Moderate,Non-toxic
09-ELMK-4.3,7/13/2010,7/21/2010,7/22/2010,61.36,,100,,Non-toxic,Non-toxic
09-VREN-1.1,9/22/2015,11/18/2015,11/19/2015,83.97,,100,,Non-toxic,Non-toxic
09-GTCH-1.0,8/11/2005,9/7/2005,9/21/2005,18.97,,100,,Moderate,Non-toxic
09-SYLV-1.4,9/23/2015,11/18/2015,11/19/2015,58.27,,100,,Slight,Non-toxic
09-MATO-0.3,8/11/2005,9/7/2005,9/21/2005,0.0487,,100,,Severe,Non-toxic
09-INDN-33.7,9/23/2015,11/18/2015,11/19/2015,68.73,,100,,Non-toxic,Non-toxic
09-PLST-0.8,7/13/2010,7/21/2010,7/22/2010,50.25,,100,,Non-toxic,Non-toxic
09-BLAP-0.8,8/11/2005,9/7/2005,9/21/2005,50.47,,100,,Non-toxic,Non-toxic
09-WSCK-3.4,9/23/2015,11/18/2015,11/19/2015,14.24,,,,Severe,Insufficient Data
10-GCHZ-6.6,8/10/2004,11/2/2004,11/4/2004,0.359,,100,,Severe,Non-toxic
10-GCHZ-27.4,6/18/2014,7/14/2014,7/14/2014,100,,100,,Non-toxic,Non-toxic
10-GCHZ-29.4,8/19/2009,1/12/2009,1/14/2010,35.39,,100,,Slight,Non-toxic
10-LCHZ-2.6,8/10/2004,10/27/2004,10/28/2004,4.23,,74.61,,Moderate,Toxic
10-CORB-0.8,8/10/2004,11/2/2004,11/2/2004,17.58,,,,Moderate,Insufficient Data
10-GCHZ_N-0.5,8/19/2009,1/12/2009,1/14/2010,17.65,,24,,Moderate,Toxic
10-SARA-0.9,8/10/2004,10/27/2004,10/28/2004,10.73,,100,,Moderate,Non-toxic
10-SARA-0.9,8/19/2009,1/12/2009,1/14/2010,33.13,,100,,Slight,Non-toxic
10-TWOB-1.3,8/19/2009,1/12/2009,1/14/2010,46.29,,100,,Non-toxic,Non-toxic
10-MKZI-0.8,6/18/2014,7/14/2014,7/14/2014,41.33,,100,,Moderate,Non-toxic
10-SABL-2.2,8/18/2009,1/12/2009,1/14/2010,29.07,,100,,Slight,Non-toxic
10-BOQT-2.8,8/10/2004,11/2/2004,11/4/2004,3.35,,100,,Moderate,Non-toxic
10-BOQT-28.6,6/18/2014,7/14/2014,7/14/2014,70.3,,100,,Slight,Non-toxic
10-SABL_W-25.6,8/11/2004,10/27/2004,10/27/2004,26.94,,,,Slight,Insufficient Data
10-BLAR-1.1,8/18/2009,1/12/2009,1/14/2010,43.38,,100,,Non-toxic,Non-toxic
10-SABL_E-17.2,8/20/2009,1/12/2009,1/14/2010,43.29,,100,,Non-toxic,Non-toxic
10-SABL_E-17.2,6/18/2014,7/14/2014,7/14/2014,100,,100,,Non-toxic,Non-toxic
10-CADE-0.1,8/11/2004,10/27/2004,10/28/2004,43.23,,100,,Non-toxic,Non-toxic
10-PUTM-13.2,8/20/2009,1/12/2009,1/14/2010,26.48,,100,,Slight,Non-toxic
10-LCHU-2.0,8/11/2004,10/27/2004,10/28/2004,0.436,,100,,Severe,Non-toxic
10-PTNY-17.8,8/11/2004,10/27/2004,10/27/2004,58.08,,,,Non-toxic,Insufficient Data
10-METT-1.1,8/11/2004,10/27/2004,10/27/2004,48.48,,,,Non-toxic,Insufficient Data
10-CHMP-1.1,9/8/2009,1/12/2009,1/14/2010,50.83,,100,,Non-toxic,Non-toxic
10-CMIL-3.3,6/3/2014,7/14/2014,7/14/2014,91.69,,100,,Non-toxic,Non-toxic
10-FMIL-2.1,6/3/2014,7/14/2014,7/14/2014,46.22,,100,,Moderate,Non-toxic
10-MDAU-4.0,8/18/2009,1/12/2009,1/14/2010,32.56,,100,,Slight,Non-toxic
10-MDBR-4.1,8/11/2004,10/27/2004,10/28/2004,11.27,,100,,Moderate,Non-toxic
10-MDBR-4.1,6/3/2014,7/14/2014,7/14/2014,86.71,,100,,Non-toxic,Non-toxic
10-CHMP-6.3,8/20/2009,1/12/2009,1/14/2010,46.1,,100,,Non-toxic,Non-toxic
10-BIGC-1.7,8/20/2009,1/12/2009,1/14/2010,49.08,,100,,Non-toxic,Non-toxic
10-BIGC-6.3,6/3/2014,7/14/2014,7/14/2014,78.32,,100,,Slight,Non-toxic
10-BISH-0.6,8/20/2009,1/12/2009,1/14/2010,52.92,,100,,Non-toxic,Non-toxic
10-WSBR-0.2,8/11/2004,10/27/2004,10/28/2004,4.87,,100,,Moderate,Non-toxic
11-ANTH-0.8,9/11/2012,11/16/2012,11/16/2012,33.71,,100,,Slight,Non-toxic
11-FISC-6.6,9/11/2012,11/16/2012,11/16/2012,93.11,,100,,Non-toxic,Non-toxic
11-MORN-4.0,9/5/2007,1/3/2007,1/4/2008,16.23,,100,,Moderate,Non-toxic
11-HOOS-20.8,9/6/2007,1/3/2007,1/4/2008,22.26,,100,,Slight,Non-toxic
11-WALL-6.2,9/6/2007,1/3/2007,1/4/2008,16.29,,100,,Moderate,Non-toxic
11-TOMH-0.1,9/6/2007,1/3/2007,1/4/2008,42.29,,100,,Non-toxic,Non-toxic
11-LHOO-0.1,9/11/2012,11/16/2012,11/16/2012,79.84,,100,,Non-toxic,Non-toxic
11-BATT-10.2,9/6/2007,1/3/2007,1/4/2008,16.47,,100,,Moderate,Non-toxic
11-SACN-0.1,9/5/2007,1/3/2007,1/4/2008,33.51,,100,,Slight,Non-toxic
11-CHST-2.5,9/10/2012,11/16/2012,11/16/2012,82.35,,100,,Non-toxic,Non-toxic
11-STEW-2.3,9/10/2012,11/16/2012,11/16/2012,82.6,,100,,Non-toxic,Non-toxic
11-WSTN-0.1,9/5/2007,1/3/2007,1/4/2008,42.27,,,,Non-toxic,Insufficient Data
12-MOHK-98.9,8/2/2006,11/29/2006,11/30/2006,17.1,,100,,Moderate,Non-toxic
12-MOHK-98.9,8/18/2011,8/24/2011,8/24/2011,27.31,,100,,Slight,Non-toxic
12-MOHK-104.9,8/2/2006,11/29/2006,11/30/2006,12.51,,100,,Moderate,Non-toxic
12-MOHK-136.0,9/20/2016,12/6/2016,12/7/2016,42.54,,100,,Slight,Non-toxic
12-FULM-0.4,8/2/2006,11/29/2006,11/30/2006,54.36,,100,,Non-toxic,Non-toxic
12-CAYA-4.7,7/29/2010,8/11/2010,8/11/2010,34.86,,100,,Slight,Non-toxic
12-CAYA-4.7,8/15/2011,8/24/2011,8/24/2011,59.27,,100,,Non-toxic,Non-toxic
12-CAJO-5.1,9/21/2016,12/6/2016,12/7/2016,38.23,,100,,Moderate,Non-toxic
12-SIXM-1.6,7/28/2010,8/11/2010,8/11/2010,56.37,,100,,Non-toxic,Non-toxic
12-SIXM-1.6,8/18/2011,8/24/2011,8/24/2011,68.33,,100,,Non-toxic,Non-toxic
12-NMIL-0.5,9/20/2016,12/6/2016,12/7/2016,58.86,,100,,Slight,Non-toxic
12-OTSQ-8.9,8/3/2006,11/29/2006,11/30/2006,42.67,,100,,Non-toxic,Non-toxic
12-NCHU-0.8,8/3/2006,11/29/2006,11/30/2006,2.61,,100,,Moderate,Non-toxic
12-SCHU-0.3,8/3/2006,11/29/2006,11/30/2006,42.73,,100,,Non-toxic,Non-toxic
12-CARO-0.3,8/3/2006,11/29/2006,11/30/2006,3.42,,100,,Moderate,Non-toxic
12-LKIL-0.4,8/18/2011,8/24/2011,8/24/2011,52.82,,100,,Non-toxic,Non-toxic
12-NMIL-13.9,8/18/2011,8/24/2011,8/24/2011,23.19,,100,,Slight,Non-toxic
12-NCHU-3.2,8/15/2011,8/24/2011,8/24/2011,29.69,,100,,Slight,Non-toxic
12-SHAK-1.8,7/29/2010,8/11/2010,8/11/2010,27.75,,100,,Slight,Non-toxic
12-SHAK-1.8,8/17/2011,8/24/2011,8/24/2011,33.74,,100,,Slight,Non-toxic
12-SAUQ-1.6,8/2/2006,11/29/2006,11/30/2006,33.27,,100,,Slight,Non-toxic
12-SAUQ-1.6,8/18/2011,8/24/2011,8/24/2011,54.9,,100,,Non-toxic,Non-toxic
12-SAUQ-2.2,9/21/2016,12/6/2016,12/7/2016,38.92,,100,,Moderate,Non-toxic
12-SPRC-2.5,8/3/2006,11/29/2006,11/30/2006,56.93,,100,,Non-toxic,Non-toxic
12-SPRT-0.2,8/3/2006,11/29/2006,11/30/2006,64.42,,100,,Non-toxic,Non-toxic
12-INDK-0.3,7/29/2010,8/11/2010,8/11/2010,64.95,,100,,Slight,Non-toxic
12-INDK-0.3,8/15/2011,8/24/2011,8/24/2011,23.43,,100,,Slight,Non-toxic
12-MATT-0.9,8/15/2011,8/24/2011,8/24/2011,52.81,,100,,Non-toxic,Non-toxic
12-LASH-0.1,9/20/2016,12/6/2016,12/7/2016,22.27,,100,,Moderate,Non-toxic
12-POEN-1.9,9/22/2016,12/6/2016,12/7/2016,28.74,,100,,Moderate,Non-toxic
12-SCHO-0.5,8/3/2006,11/29/2006,11/30/2006,22.68,,100,,Slight,Non-toxic
12-COBL-0.6,8/16/2011,8/24/2011,8/24/2011,28.84,,,,Slight,Insufficient Data
12-EAST-0.1,8/4/2006,11/29/2006,11/30/2006,66.67,,100,,Non-toxic,Non-toxic
12-BETY-0.2,8/16/2011,8/24/2011,8/24/2011,67.69,,100,,Non-toxic,Non-toxic
12-CINC-3.4,8/2/2006,11/29/2006,11/30/2006,54.48,,100,,Non-toxic,Non-toxic
12-ORSK-0.9,8/18/2011,8/24/2011,8/24/2011,18.51,,100,,Moderate,Non-toxic
12-ORSK-0.9,8/2/2006,11/29/2006,11/30/2006,23.18,,100,,Slight,Non-toxic
12-DEAN-2.4,8/2/2006,11/29/2006,11/30/2006,16.56,,100,,Moderate,Non-toxic
12-ALPL-16.1,9/22/2016,12/6/2016,12/7/2016,51.47,,100,,Slight,Non-toxic
12-REAL-0.1,9/20/2016,12/6/2016,12/7/2016,35.21,,100,,Moderate,Non-toxic
12-NAIL-0.1,9/20/2016,12/6/2016,12/7/2016,15.52,,46.27,,Severe,Toxic
12-BALU-0.1,9/20/2016,12/6/2016,12/7/2016,28.36,,,,Moderate,Insufficient Data
13-DOWE-1.9,7/11/2017,11/15/2017,11/16/2017,41.46,,100,,Slight,Non-toxic
13-GUNK-0.4,8/3/2017,11/15/2017,11/16/2017,64.1,,42.67,,Non-toxic,Toxic
13-HACK-E-1.5,7/25/2017,11/15/2017,11/16/2017,66.86,,100,,Non-toxic,Non-toxic
13-KIND-0.2,7/24/2017,11/15/2017,11/16/2017,87.52,,100,,Non-toxic,Non-toxic
13-KROM-1.1,7/6/2017,11/15/2017,11/16/2017,81.72,,100,,Non-toxic,Non-toxic
13-KRUM-2.5,7/11/2017,11/15/2017,11/16/2017,60.1,,100,,Non-toxic,Non-toxic
13-MONH-0.4,8/2/2017,11/15/2017,11/16/2017,42.21,,100,,Slight,Non-toxic
13-MONH-4.1,7/26/2017,11/15/2017,11/16/2017,24.29,,100,,Moderate,Non-toxic
13-NOST-0.3,7/24/2017,11/15/2017,11/16/2017,28.26,,7.85,,Moderate,Toxic
13-OTTK-2.4,7/26/2017,11/15/2017,11/16/2017,24.42,,100,,Moderate,Non-toxic
13-PATS-0.5,7/11/2017,11/15/2017,11/16/2017,9.13,,100,,Severe,Non-toxic
13-QKER-0.9,8/2/2017,11/15/2017,11/16/2017,78.18,,100,,Non-toxic,Non-toxic
13-ROND-T6-1.9,7/5/2017,11/15/2017,11/16/2017,87.71,,100,,Non-toxic,Non-toxic
13-SAW-1.4,7/25/2017,11/15/2017,11/16/2017,71.27,,100,,Non-toxic,Non-toxic
13-WALK-19.0,8/3/2017,11/7/2017,11/8/2017,37.3,,84.11,,Moderate,Toxic
13-WALK-22.8,8/3/2017,11/7/2017,11/8/2017,42.33,,100,,Slight,Non-toxic
13-WALK-26.9,8/3/2017,11/7/2017,11/8/2017,36.92,,69.53,,Moderate,Toxic
13-WALK-29.9,8/3/2017,11/7/2017,11/8/2017,43.07,,100,,Slight,Non-toxic
13-WALK-35.6,8/2/2017,11/7/2017,11/8/2017,38.73,,100,,Moderate,Non-toxic
13-WALK-46.6,8/2/2017,11/7/2017,11/8/2017,4.46,,100,,Severe,Non-toxic
13-WALK-T13-1.3,7/5/2017,11/15/2017,11/16/2017,42.82,,100,,Slight,Non-toxic
13-WCHEE-0.6,8/2/2017,11/15/2017,11/16/2017,65.38,,100,,Non-toxic,Non-toxic
13-WKLEI-0.6,8/3/2017,11/15/2017,11/16/2017,59.37,,100,,Slight,Non-toxic
13-WSART-0.5,7/26/2017,11/15/2017,11/16/2017,45.14,,100,,Slight,Non-toxic
13-COEY-0.3,9/26/2013,1/14/2013,1/16/2014,78.86,,100,,Slight,Non-toxic
13-POST-20.3,9/27/2013,1/14/2013,1/16/2014,83.85,,100,,Non-toxic,Non-toxic
13-QUAS-0.1,7/16/2008,1/6/2008,1/8/2009,41.44,,100,,Non-toxic,Non-toxic
13-WYNT-2.9,7/16/2008,1/6/2008,1/8/2009,16.35,,51.9,,Moderate,Toxic
13-PEEK-3.7,7/16/2008,1/6/2008,1/8/2009,70.22,,100,,Non-toxic,Non-toxic
13-KROM-1.1,10/1/2013,1/14/2013,1/16/2014,71.42,,100,,Slight,Non-toxic
13-PATS-0.5,10/1/2013,1/14/2013,1/16/2014,53.79,,100,,Moderate,Non-toxic
13-ONES-0.6,7/16/2008,1/6/2008,1/8/2009,34.18,,100,,Slight,Non-toxic
13-GIDN-4.9,9/26/2013,1/14/2013,1/16/2014,47.6,,100,,Moderate,Non-toxic
13-CROM-0.6,7/15/2008,1/6/2008,1/8/2009,39.4,,100,,Slight,Non-toxic
13-STON-10.1,9/27/2013,1/14/2013,1/16/2014,84.86,,100,,Non-toxic,Non-toxic
13-BLAG-3.1,9/27/2013,1/14/2013,1/16/2014,79.31,,100,,Slight,Non-toxic
13-WTAGH-9.5,9/27/2013,1/14/2013,1/16/2014,55.27,,100,,Moderate,Non-toxic
13-WAPP-1.9,9/26/2013,1/14/2013,1/16/2014,93.56,,,,Non-toxic,Insufficient Data
13-WAPP_T1-0.1,9/26/2013,1/14/2013,1/16/2014,78.16,,100,,Slight,Non-toxic
13-ROND-9.9,9/26/2013,1/14/2013,1/16/2014,72.64,,100,,Slight,Non-toxic
13-TINW-1.6,9/26/2013,1/14/2013,1/16/2014,79.38,,100,,Slight,Non-toxic
13-QKER-1.0,7/16/2008,1/6/2008,1/8/2009,51.65,,100,,Non-toxic,Non-toxic
13-WAWA-4.5,9/26/2013,1/14/2013,1/16/2014,82.4,,46.51,,Non-toxic,Toxic
13-ROLF-2.4,7/17/2008,1/6/2008,1/8/2009,53.23,,91.95,,Non-toxic,Toxic
13-BASC-0.4,7/16/2008,1/6/2008,1/8/2009,25.37,,100,,Slight,Non-toxic
13-VLAT-15.6,7/16/2008,1/6/2008,1/8/2009,56.23,,100,,Non-toxic,Non-toxic
13-KLIN-0.1,7/16/2008,1/6/2008,1/8/2009,19.89,,100,,Moderate,Non-toxic
13111003,10/1/2013,1/14/2013,1/16/2014,69.63,,100,,Slight,Non-toxic
13-NORM-7.3,7/17/2008,1/6/2008,1/8/2009,31.13,,100,,Slight,Non-toxic
14-DELA-1.3,8/27/2015,10/7/2015,10/8/2015,30.99,,96.85,,Moderate,Toxic
14-DELA-45.2,9/3/2015,10/7/2015,10/8/2015,67.11,,69.78,,Non-toxic,Toxic
14-DELA-50.4,10/22/2010,10/28/2010,10/29/2010,36.22,,100,,Slight,Non-toxic
14-DELA-50.4,9/8/2005,9/28/2005,9/29/2005,70.83,,100,,Non-toxic,Non-toxic
14-MONG-18.9,8/26/2015,10/7/2015,10/8/2015,33.79,,100,,Moderate,Non-toxic
14-CALL-0.2,8/26/2015,10/7/2015,10/8/2015,59.73,,84.63,,Slight,Toxic
14-HAFY-0.2,10/22/2010,10/28/2010,10/29/2010,70.37,,100,,Non-toxic,Non-toxic
14-MONG_M-0.3,10/21/2010,10/28/2010,10/28/2010,61.67,,,,Non-toxic,Insufficient Data
14-MONG_W-0.2,10/21/2010,10/28/2010,10/29/2010,72.11,,100,,Non-toxic,Non-toxic
14-TENR_E-1.4,10/22/2010,10/28/2010,10/29/2010,57.94,,100,,Non-toxic,Non-toxic
14-JAKE-3.0,8/27/2015,10/7/2015,10/8/2015,59.3,,100,,Slight,Non-toxic
14-NEVR-0.6,9/8/2005,9/28/2005,9/29/2005,70.76,,100,,Non-toxic,Non-toxic
14-NEVR-14.8,8/27/2015,10/7/2015,10/8/2015,49.03,,100,,Slight,Non-toxic
14-NEVR-36.8,9/8/2005,9/28/2005,9/29/2005,69.36,,100,,Non-toxic,Non-toxic
14-BSHR-0.4,9/8/2005,9/28/2005,9/29/2005,27.04,,100,,Slight,Non-toxic
14-BSHR-3.7,10/21/2010,10/28/2010,10/29/2010,53.09,,100,,Non-toxic,Non-toxic
14-UNVR_W-0.4,10/21/2010,10/28/2010,10/29/2010,81.21,,100,,Non-toxic,Non-toxic
14-UNVR_E-0.2,10/21/2010,10/28/2010,10/29/2010,78.08,,100,,Non-toxic,Non-toxic
14-SHEL-1.6,9/7/2005,9/28/2005,9/29/2005,69.45,,,,Non-toxic,Insufficient Data
14-EDEL-1.2,9/7/2005,9/28/2005,9/29/2005,65.19,,,,Non-toxic,Insufficient Data
14-EDEL-55.3,9/7/2005,9/28/2005,9/29/2005,17.74,,100,,Moderate,Non-toxic
14-BEAV-10.0,9/9/2005,9/28/2005,9/29/2005,53.2,,100,,Non-toxic,Non-toxic
14-WILL-0.5,9/7/2005,9/28/2005,9/29/2005,58.34,,100,,Non-toxic,Non-toxic
14-WILL-3.2,8/26/2015,10/7/2015,10/8/2015,30,,75.35,,Moderate,Toxic
14-WDEL-1.3,9/7/2005,9/28/2005,9/29/2005,40.2,,100,,Non-toxic,Non-toxic
14-WDEL-35.4,9/3/2015,10/7/2015,10/8/2015,43.51,,100,,Moderate,Non-toxic
14-WDEL-56.4,9/3/2015,10/7/2015,10/8/2015,45.33,,100,,Slight,Non-toxic
14-WDEL-57.9,9/7/2005,9/28/2005,9/29/2005,27.13,,100,,Slight,Non-toxic
14-LDEL-0.1,9/7/2005,9/28/2005,9/29/2005,31.6,,100,,Slight,Non-toxic
14-WSTB-1.1,8/25/2015,10/7/2015,10/8/2015,40.84,,100,,Moderate,Non-toxic
14-TRUT-1.4,8/25/2015,10/7/2015,10/8/2015,62,,100,,Slight,Non-toxic
14-COUL-0.1,8/25/2015,10/7/2015,10/8/2015,34.98,,100,,Moderate,Non-toxic
15-RAMA-1.1,7/16/2008,1/6/2008,1/8/2009,57.91,,100,,Non-toxic,Non-toxic
15-HACK-2.8,7/16/2008,1/6/2008,1/8/2009,61.16,,100,,Non-toxic,Non-toxic
16-GREE-2.5,9/27/2013,1/14/2013,1/16/2014,81.4,,100,,Non-toxic,Non-toxic
16-GREE-2.5,7/17/2008,1/6/2008,1/8/2009,68.35,,,,Non-toxic,Insufficient Data
16-SWMP-0.2,7/17/2008,1/6/2008,1/8/2009,54.42,,100,,Non-toxic,Non-toxic
16-WASS-1.2,7/17/2008,1/6/2008,1/8/2009,68.42,,100,,Non-toxic,Non-toxic
17-CARM-9.0,7/12/2004,10/25/2004,10/25/2004,0.998,,100,,Severe,Non-toxic
17-MASS-1.2,7/12/2004,10/25/2004,10/25/2004,9.2,,100,,Moderate,Non-toxic
17-BVDC-0.1,7/12/2004,10/25/2004,10/25/2004,27.6,,100,,Slight,Non-toxic
17-CONQ-1.6,7/12/2004,10/25/2004,10/25/2004,23.9,,100,,Slight,Non-toxic
17-CARL-0.8,10/7/2009,1/8/2010,1/8/2010,47.06,,100,,Non-toxic,Non-toxic
17-CARL-0.8,9/10/2014,9/17/2014,9/17/2014,62.94,,100,,Slight,Non-toxic
17-GREN-0.4,9/9/2014,9/17/2014,9/17/2014,46.96,,100,,Moderate,Non-toxic
17-MILR-3.5,9/10/2014,9/17/2014,9/17/2014,58.93,,100,,Moderate,Non-toxic
17-PECN-7.6,10/6/2009,1/8/2010,1/8/2010,34.05,,100,,Slight,Non-toxic
17-PECN-7.6,7/12/2004,10/25/2004,10/25/2004,23.6,,100,,Slight,Non-toxic
17-PECN-7.6,9/9/2014,9/17/2014,9/17/2014,61.18,,100,,Slight,Non-toxic
17-MIAN-13.3,9/14/2004,10/27/2004,10/28/2004,0.026,,100,,Severe,Non-toxic
17-MAMR-0.3,10/8/2009,1/8/2010,1/8/2010,14.65,,100,,Moderate,Non-toxic
17-BLND-3.4,10/8/2009,1/8/2010,1/8/2010,39.44,,100,,Slight,Non-toxic
17-BLND-3.4,9/14/2004,10/27/2004,10/28/2004,24,,100,,Slight,Non-toxic
17-BRNX-5.6,9/14/2004,10/27/2004,10/28/2004,9.2,,100,,Moderate,Non-toxic
17-BRNX-12.3,9/12/2014,9/17/2014,9/17/2014,46.58,,100,,Moderate,Non-toxic
17-BVBR-0.3,10/6/2009,1/8/2010,1/8/2010,31.42,,100,,Slight,Non-toxic
17-BVBR-0.3,9/9/2014,9/17/2014,9/17/2014,69.64,,100,,Slight,Non-toxic
17-KEND-0.6,9/9/2014,9/17/2014,9/17/2014,21.18,,100,,Severe,Non-toxic
