RIBS_ID_FOR_SITE_TABLE,ADJUST_RIBS_ID,Station_RIBS,Station_Na,M_BASIN_ID,Nutrient_EcoR,LOCATION,RIVMILLE,SBU_ID,DESCRIPT,DIRECT,COUNTY,LATITUDE,LONGITUDE,PREVNAME,Distance from joined site (m),Joined to existing site (J) or created new (N),Added/updated for Apr2020 missing joins,Notes,Notes 2,Site File Join Notes
01053400,01053400,1053400,Bournes Creek,01,7,BOUR,0.4,01-BOUR-0.4,Rte 5 bridge,,,42.357059999999997,-79.551500000000004,BOUR-01 (pre-2016),58.389429,J,,Joined to existing bio site,,
01041208,01041208,1041208,Big Sister Creek,01,7,BSIS,8.6,01-BSIS-8.6,Versailles Road bridge,,,42.624749999999999,-78.967399999999998,BSIS-01A (pre-2017),141.29121599999999,J,,Joined to existing bio site,,
01032311,01032311,1032311,Buffalo Creek,01,7,BUFC,2.2,01-BUFC-2.2,40 m below Rt. 277 bridge @USGS gaging station,,,42.85474,-78.755070000000003,BUFF-03; BUFC-03 (pre-2016),28.534901000000001,J,,Joined to existing bio site,,
01032337,01032337,01032337,Buffalo Creek,01,,BUFC,37.8,01-BUFC-37.8,100 m off CR 395,,,42.639699999999998,-78.46208,,,J,,Jim Vogel provided coords.,,
01031002,01031002,1031002,BUFFALO R. IN BUFFALO,01,7,BUFF,1.7,01-BUFF-1.7,below Ohio St. bridge,,,42.861939999999997,-78.867869999999996,,42.653289999999998,J,,Joined to existing bio site,,
01042414,01042414,1042414,Cattaraugus Creek,01,7,CATT_S,12.6,01-CATT_S-12.6,Rte 11 bridge,,,42.356000000000002,-78.832859999999997,CATT-07A (pre-2017),35.016542999999999,J,,Joined to existing bio site,,
01041302B,01041302B,01041302B,Cattaraugus Creek,01,7,CATT,2.0,01-CATT-2.0,at Rts. 5 & 20 bridge,,,42.5685,-79.104259999999996,CATT 02; CATT-09 (pre-2017),24.535567,J,,Joined to existing bio site,"RIBS site ID was 0, filled from stream name match in chem data table",
01033101,01033101,1033101,E Br Cazenovia Creek,01,7,CAZE_E,0.3,01-CAZE_E-0.3,at Jewett Holmwood Rd. bridge,,,42.757289999999998,-78.644750000000002,BUFF 04C; CAZE-04C (pre-2017),21.921676999999999,J,,Joined to existing bio site,,
01032101B,01032101B,01032101B,Cazenovia Creek,01,7,CAZE,1.1,01-CAZE-1.1,At Cazenovia St. bridge,,,42.850555999999997,-78.809167000000002,,N/A,N,,New rivermile,"RIBS site ID was 0, filled from stream name match in chem data table",
01051301,01051301,1051301,Chautauqua Creek,01,7,CHAU,0.4,01-CHAU-0.4,50 m above Rt. 5 bridge,,,42.336959999999998,-79.600589999999997,CHAU-01 (pre-2017),73.871669999999995,J,,Joined to existing bio site,,
01042301,01042301,1042301,Clear Creek,01,7,CLAR,0.6,01-CLAR-0.6,Rte 438 bridge,,,42.542900000000003,-79.014989999999997,CATT-08B; CLAR-02; CLAR-08B (pre-2017),13.632033,J,,Joined to existing bio site,,
01042500,01042500,1042500,Clear Creek,01,7,CLEA,0.1,01-CLEA-0.1,Rte 39,,,42.534170000000003,-78.421390000000002,CATT-01A; CLEA-01A (pre-2016),53.382810999999997,J,,Joined to existing bio site,,
01042503,01042503,1042503,Clear Creek,01,7,CLEA,3.1,01-CLEA-3.1,Off Route 98 and Sparks Road - Walk downstream from DEC fishing access,,,42.506079999999997,-78.389560000000003,CLEA-00(pre-2017),189.247423,J,,Joined to existing bio site,,
01053202,01053202,1053202,Crooked Brook,01,7,CRKB,2.1,01-CRKB-2.1,130 m north of Beaver Creek Rd,,,42.469380000000001,-79.3309,,1.6478120000000001,J,,Joined to existing bio site,,
01051200,01051200,1051200,Canadaway Creek,01,7,CWAY,0.2,01-CWAY-0.2,at Rt. 5 bridge,,,42.475380000000001,-79.365570000000005,CWAY-01; CWAY-02 (pre-2016),11.447487000000001,J,,Joined to existing bio site,,
01051214,01051214,1051214,Canadaway Creek,01,7,CWAY,14.5,01-CWAY-14.5,CR 312,,,42.367199999999997,-79.236859999999993,CWAY-14.5  (pre-2016),20.547595000000001,J,,Joined to existing bio site,Duplicate RIBS sites.,Used old RIBS ID that was closest to the actual river mile. RIBS Data will need to be updated to reflect this.
01051214,01051214,01051204,Canadaway Creek,01,7,CWAY,14.5,01-CWAY-14.5,CR 312,,,42.367199999999997,-79.236859999999993,,,J (duplicate),,Jim Vogel confirmed should be 01051214,Duplicate RIBS sites.,Used old RIBS ID that was closest to the actual river mile. RIBS Data will need to be updated to reflect this.
01022111,01022111,1022111,Ellicott Creek,01,7,ELLI,10.3,01-ELLI-10.3,80 m below Sheridan Dr. (Rt. 324) bridge,,,42.9788,-78.763999999999996,ELLI 01; ELLI-06 (pre-2016),36.720435000000002,J,,Joined to existing bio site,,
01053101,01053101,1053101,Hyde Creek,01,7,HYCK,1.6,01-HYCK-1.6,CR 121,,,42.482500000000002,-79.305000000000007,HYCK-00 (pre-2016),25.806721,J,,Joined to existing bio site,,
01033200,01033200,1033200,Little Buffalo Creek,01,7,LBUF,0.1,01-LBUF-0.1,100 m above Bowen Rd bridge,,,42.889139999999998,-78.642229999999998,LBUF-01 (pre-2017),0,J,,Joined to existing bio site,,
01022404,01022404,1022404,Little Tonawanda Creek,01,7,LTON,3.7,01-LTON-3.7,50 m above Creek Rd bridge,,,42.929319999999997,-78.192040000000006,LTON-01 (pre-2016),75.063051999999999,J,,Joined to existing bio site,,
01022303,01022303,1022303,Mud Creek,01,7,MUDN,2.6,01-MUDN-2.6,At Minnick Rd bridge,,,43.100278000000003,-78.667221999999995,,N/A,N,,New rivermile,,
01010001,01010001,1010001,Niagara River,01,,NIAG,0.2,01-NIAG-0.2,off shore of Fort Niagara State Park,,,43.261110000000002,-79.063059999999993,,N/A,N,,New site,From group of 32 unconnected sites,
01043001,01043001,1043001,Pike Creek,01,7,PICR,1.3,01-PICR-1.3,170 m east of CR 477,,,42.687292999999997,-78.999594999999999,PICR-00 (pre-2016),114.18018600000001,J,,Joined to existing bio site,,
01021200,01021200,1021200,Trib to Ransom Creek,01,7,RANS_T1,0.2,01-RANS_T1-0.2,SR 263,,,43.050046000000002,-78.731063000000006,RANS-T-1(pre-2016),20.473210999999999,J,,Joined to existing bio site,,
01022208,01022208,1022208,Ransom Creek,01,7,RANS,3.1,01-RANS-3.1,at Conner Rd. bridge,,,43.019440000000003,-78.662670000000006,RANS-04 (pre-2017),36.553846,J,,Joined to existing bio site,,
01041501,01041501,1041501,Rush Creek,01,7,RUCK,0.7,01-RUCK-0.7,30 m above Mile Strip Rd culvert,,,42.793050000000001,-78.840680000000006,RUCK-01 (pre-2017),0,J,,Joined to existing bio site,,
01051101,01051101,1051101,Silver Creek,01,7,SILV,0.3,01-SILV-0.3,100 m below Rt. 5 bridge,,,42.545949999999998,-79.168260000000004,SILV-01 (pre-2016),72.482534000000001,J,,Joined to existing bio site,,
01041403,01041403,1041403,Smoke Creek,01,7,SMOK,2.4,01-SMOK-2.4,South Park Ave bridge,,,42.819890000000001,-78.824439999999996,,48.848931,J,,Joined to existing bio site,,
01042600,01042600,1042600,Spooner Creek,01,7,SPOO,0.3,01-SPOO-0.3,45 m above Zoar Valley Rd bridge,,,42.488549999999996,-78.721680000000006,SPOO-01 (pre-2017),0.82327600000000001,J,,Joined to existing bio site,,
01041101,01041101,1041101,Eighteen Mile Creek,01,7,TEEN,0.4,01-TEEN-0.4,50 m below Rt. 5 bridge,,,42.71237,-78.966710000000006,TEEN-01 (pre-2015),16.823466,J,,Joined to existing bio site,,
01042203,01042203,1042203,Eighteenmile Creek,01,7,TEES,2.6,01-TEES-2.6,At Bley Road bridge,,,42.680554999999998,-78.878611000000006,,N/A,N,,New rivermile,,
01021103,01021103,1021103,Tonawanda Creek,01,7,TONA_E,0.1,01-TONA_E-0.1,Rte 98 bridge,,,42.71208,-78.330839999999995,TONA-E (ore-2016),0,J,,Joined to existing bio site,,
01021020,01021020,1021020,Tonawanda Creek,01,7,TONA,19.6,01-TONA-19.6,300 m below Rapids Rd. bridge,,,43.093333000000001,-78.636388999999994,,N/A,N,,New rivermile,,
01021067,01021067,1021067,Tonawanda Creek,01,7,TONA,65.8,01-TONA-65.8,5 m below Lyon St. bridge,,,43.000219999999999,-78.197680000000005,TONA-02 (pre-2016),6.616339,J,,Joined to existing bio site,,
01053301,01053301,1053301,Van  Buren Bay Creek,01,7,VBUR,0.4,01-VBUR-0.4,150 m below Van Buren Rd crossing,,,42.447420000000001,-79.404070000000004,VBUR-01 (pre-2016),141.406779,J,,Joined to existing bio site,,
01052108,01052108,1052108,Walnut Creek,01,7,WLNT,8.2,01-WLNT-8.2,20 m downstream of Rte 39 bridge,,,42.46848,-79.180620000000005,WLNT-00 (pre-2016),5.538036,J,,Joined to existing bio site,,
01032204,01032204,1032204,Cayuga Creek,01,7,YUGA,3.9,01-YUGA-3.9,200 m below Rt. 277 bridge,,,42.883330000000001,-78.756529999999998,BUFF 02; YUGA 02 (2015),181.59413699999999,J,,Joined to existing bio site,,
02010023,02010023,2010023,ALLEGHENY R. IN SALAMANCA,02,7,ALGY,20.3,02-ALGY-20.3,200 m below Main Street bridge,,,42.157159999999998,-78.717939999999999,ALGY-08A  (pre-2016),182.14615599999999,J,,Joined to existing bio site,,
02012400,02012400,2012400,Blakesly Hollow,02,8,BLHL,0.5,02-BLHL-0.5,At the Blakes Lee Hollow Road Bridge,,,42.112000000000002,-78.435299999999998,BLHL-01 (pre-2016),44.670817,J,,Joined to existing bio site,,
02022212,02022212,2022212,Cassadaga Creek,02,7,CASS,12.5,02-CASS-12.5,20 m above Ross Mills Rd. bridge,,,42.155079999999998,-79.223820000000003,CASS 01(pre-2002); CASS-03 (pre-2016),56.647773999999998,J,,Joined to existing bio site,,
02023103,02023103,2023103,Chadakoin River,02,7,CHAD,1.6,02-CHAD-1.6,5 m below Work St. bridge,,,42.117919999999998,-79.196029999999993,CHAD-05 (pre-2016),42.049253999999998,J,,Joined to existing bio site,,
02023102,02023102,2023102,Chadakoin River,02,7,CHAD,2.2,02-CHAD-2.2,At South Dow St. bridge,,,42.112450000000003,-79.203029999999998,CHAD-04 (pre-2016),73.111665000000002,J,,Joined to existing bio site,,
02011701,02011701,2011701,Chipmunk Creek,02,8,CHIP,1.1,02-CHIP-1.1,Off South Nine Mile Rd.,,,42.081667000000003,-78.603055999999995,,N/A,N,,New rivermile,,
02022307,02022307,2022307,Clear Creek,02,7,CLER,8.6,02-CLER-8.6,"At DEC Fishing Access on CR 66, Thornton Rd",,,42.257660000000001,-79.153509999999997,CLER-00(pre-2016),1.2860659999999999,J,,Joined to existing bio site,,
02011001,02011001,2011001,Dodge Creek,02,8,DODG,1.0,02-DODG-1.0,40 m below Temple Rd bridge,,,42.042870000000001,-78.329070000000002,DODG-00 (pre-2016),49.015276999999998,J,,Joined to existing bio site,,
02012501,02012501,2012501,English Creek,02,8,ENSH,1.9,02-ENSH-1.9,Just upstream of ASP Route 1 bridge,,,42.032409999999999,-78.808006000000006,,N/A,N,,New rivermile,,
02025100,02025100,2025100,Goose Creek,02,7,GOOS,2.9,02-GOOS-2.9,Rte 474,,,42.094389999999997,-79.373540000000006,GOOS-01 (pre-2017),0.25035099999999999,J,,Joined to existing bio site,,
02011301,02011301,2011301,Great Valley Creek,02,7,GVAL,0.8,02-GVAL-0.8,20m below Rte 417 bridge,,,42.158859999999997,-78.68338,GVAL-02 (pre-2016),34.332037999999997,J,,Joined to existing bio site,,
02012202,02012202,2012202,Ischua Creek,02,7,ISCH,2.2,02-ISCH-2.2,Kent Road bridge,,,42.193888999999999,-78.381388999999999,,N/A,N,,New rivermile,,
02012603,02012603,2012603,Little Genesee Creek,02,8,LGEN,3.6,02-LGEN-3.6,50 m above Obi Rd. bridge,,,42.031140000000001,-78.205250000000007,LGEN-06 (pre-2016),0.30652299999999999,J,,Joined to existing bio site,,
02012301,02012301,2012301,Oil Creek,02,7,OIL,0.3,02-OIL-0.3,Old State Road bridge,,,42.170278000000003,-78.384444000000002,,N/A,N,,New rivermile,,
02011505,02011505,2011505,Olean Creek,02,8,OLEA,3.9,02-OLEA-3.9,30 m above Hastings Rd (off Rt.11),,,42.12032,-78.419489999999996,ALGY-03A (pre-2016),40.447381,J,,Joined to existing bio site,,
02011904,02011904,2011904,Quaker Run,02,8,QRUN,0.3,02-QRUN-0.3,70 m above Cain Hollow Rd bridge,,,42.029710000000001,-78.854479999999995,QRUN-01 (pre-2016),38.002428999999999,J,,Joined to existing bio site,,
02012318,02012318,2012318,Rawson Run (Oil Creek),02,7,RAWS,5.0,02-RAWS-5.0,30 m below Lyndon Center Rd bridge,,,42.311309999999999,-78.309839999999994,RAWS-05 (pre-2017),71.772603000000004,J,,Joined to existing bio site,,
02011806,02011806,2011806,Red House Creek,02,8,REDH,5.6,02-REDH-5.6,above lake at covered bridge,,,42.099640000000001,-78.735460000000003,REDH-01 (pre-2017),32.246822000000002,J,,Joined to existing bio site,,
02022406,02022406,2022406,Stillwater Creek,02,7,STIL,7.2,02-STIL-7.2,At Bridge on Mill Rd; Southeast corner of Lawson Park,,,42.031999999999996,-79.281000000000006,STIL-A (pre-2016),0.22189500000000001,J,,Joined to existing bio site,,
02011406,02011406,2011406,Tunungwant Creek,02,8,TUNG,1.3,02-TUNG-1.3,5 m below Limestone Run Rd. bridge(aka RiverRd Br),,,42.023269999999997,-78.633290000000002,TUNG-01 (pre-2016),7.9032970000000002,J,,Joined to existing bio site,,
02021020,02021020,2021020,Conewango Creek,02,7,WANG,20.9,02-WANG-20.9,50 m below Rt. 62 bridge,,,42.155439999999999,-79.102230000000006,WANG-01 (pre-2016),48.170741999999997,J,,Joined to existing bio site,,
03032209,03032209,3032209,Bear Creek,03,8,BARA,11.5,03-BARA-11.5,Brown Rd,,,43.736069999999998,-75.972639999999998,BARA-00 (pre-2016),23.460574000000001,J,,Joined to existing bio site,,
03031602,03031602,3031602,Catfish Creek,03,7,CATF,1.3,03-CATF-1.3,Co Rte 6 bridge; 5m above,,,43.498890000000003,-76.316670000000002,,0.26538099999999998,J,,Joined to existing bio site,,
03011601,03011601,3011601,Fourmile Creek,03,7,FOMI,0.8,03-FOMI-0.8,40 m above Rte 18 bridge @4-mi Ck park,,,43.267780000000002,-79.003860000000003,FOMI-01 (pre-2017),0,J,,Joined to existing bio site,,
03011502,03011502,3011502,Golden Hill Creek,03,7,GHIL,1.5,03-GHIL-1.5,60 m downstream of Lower Lake Rd,,,43.365609999999997,-78.497720000000001,GHIL-01B (pre-2016),0,J,,Joined to existing bio site,,
03023106,03023106,3023106,Irondequoit Creek,03,7,IRON,10.2,03-IRON-10.2,20 m below Panorama Terrace bridge,,,43.130400000000002,-77.495040000000003,IRON 01; IRON-07 (pre-2017),51.446703999999997,J,,Joined to existing bio site,,
03012102,03012102,3012102,Jeddo Creek,03,7,JEDO,1.4,03-JEDO-1.4,Just upstream of bridge on service drive at KOA campsite,,,43.279809999999998,-78.455860000000001,JEDO-00 (pre-2016),0,J,,Joined to existing bio site,,
03011309,03011309,3011309,Johnson Creek,03,7,JOHN,9.1,03-JOHN-9.1,30 m upstream of Blood Rd. bridge,,,43.335279999999997,-78.359070000000003,JOHN-01 (pre-2017),34.400395000000003,J,,Joined to existing bio site,,
03031402,03031402,3031402,Little Salmon River,03,7,LSAM,1.9,03-LSAM-1.9,20 m upstream of Co Rt. 16 bridge,,,43.511670000000002,-76.253330000000005,LSAM-01 (pre-2017),54.074384000000002,J,,Joined to existing bio site,,
03031703,03031703,3031703,Mad River,03,8,MAD,2.5,03-MAD-2.5,Otto Mills Dr; immed. below suspension bridge,,,43.598889999999997,-75.819000000000003,MAD-01 (pre-2016),38.875501,J,,Joined to existing bio site,,
03021101,03021101,3021101,Ninemile Creek,03,7,NIMI,0.8,03-NIMI-0.8,"nr Moon Beach, 50 m upstream of Irwin Rd. bridge",,,43.401670000000003,-76.627780000000001,NIMI-01(pre-2015),65.425811999999993,J,,Joined to existing bio site,,
03011424,03011424,3011424,Oak Orchard Creek in Shelby,03,7,ORCH,21.6,03-ORCH-21.6,Martin Rd bridge; 100m upstream,,,43.189790000000002,-78.386740000000003,ORCH-00(pre2015),0,J,,Joined to existing bio site,,
03032203,03032203,3032203,Orwell Brook,03,8,ORWL,3.1,03-ORWL-3.1,375 ft above CR 52,,,43.549348000000002,-76.000028999999998,,0,J,,Joined to existing bio site,,
03021200,03021200,3021200,Rice Creek,03,7,RICE,0.9,03-RICE-0.9,Rte 104 bridge; 75m upstream,,,43.436669999999999,-76.561109999999999,RICE-01 (pre-2017),0.21345,J,,Joined to existing bio site,,
03031202,03031202,3031202,Salmon River,03,,SALM,1.3,03-SALM-1.3,At SR 3 bridge,,,43.570107,-76.186898999999997,,N/A,N,,New site,From group of 32 unconnected sites,
03031207,03031207,3031207,Salmon River,03,7,SALM,7.8,03-SALM-7.8,20 m above Lehigh Rd. bridge (County Rt. 2A),,,43.55,-76.094440000000006,SALM-05 (pre-2017),90.152850000000001,J,,Joined to existing bio site,,
03032100,03032100,3032100,N Br Sandy Creek,03,7,SAND_T14,0.3,03-SAND_T14-0.3,At Minkler Road/ County Rte 155 Bridge,,,43.844431999999998,-75.970988000000006,FREE-01; NSAN-01 (pre-2017),14.984844000000001,J,,Joined to existing bio site,,
03031302,03031302,3031302,Sandy Creek,03,7,SAND,2.7,03-SAND-2.7,75 m below Rt. 3 bridge,,,43.744149999999998,-76.185720000000003,SAND-03(pre-2015),65.944940000000003,J,,Joined to existing bio site,,
03031329,03031329,3031329,Sandy Creek,03,7,SAND,29.3,03-SAND-29.3,500 ft southwest off CR 69,,,43.891672999999997,-75.810852999999994,,131.43904599999999,J,,Joined to existing bio site,Could trib on Curtis Rd bridge have been sampled,
03031308,03031308,3031308,Sandy Creek,03,7,SAND,8.4,03-SAND-8.4,Downstream of Mathers Mill Rd Bridge,,,43.791697999999997,-76.107505000000003,,118.922194,J,,Joined to existing bio site,,
03022102,03022102,3022102,Sodus Creek,03,7,SDUS,2.5,03-SDUS-2.5,Glenmark Rd bridge; 50m below,,,43.192019999999999,-76.91234,SDUS-01 (pre-2016),0,J,,Joined to existing bio site,,
03032001,03032001,3032001,Trib to Skinner Creek,03,8,SKIN_T5,0.2,03-SKIN_T5-0.2,downstream of the CR 90 bridge crossing,,,43.710979999999999,-76.053200000000004,SKIN-T-1 (pre-2016); SKIN-T0.2 (pre-2017),0,J,,Joined to existing bio site,,
03013102,03013102,3013102,Slater Creek,03,7,SLTR,1.5,03-SLTR-1.5,15m downstream of Dewey Ave bridge,,,43.25423,-77.646540000000002,SLTR-01 (pre-2016),0,J,,Joined to existing bio site,,
03013003,03013003,3013003,Sandy Creek,03,7,SNDY,2.9,03-SNDY-2.9,Lake Road West Bridge,,,43.335254999999997,-77.927886000000001,,N/A,N,,New rivermile,,
03031507,03031507,3031507,S Sandy Creek,03,7,SSAN,6.3,03-SSAN-6.3,10 m above Joslyn St. bridge,,,43.736939999999997,-76.132230000000007,SSAN-01 (pre-2017),28.816317999999999,J,,Joined to existing bio site,,
03021105,03021105,3021105,Sterling Creek,03,7,STRL,4.3,03-STRL-4.3,Sutterby Rd bridge; 10m above,,,43.333889999999997,-76.652500000000003,STRL-01 (pre-2017),108.958686,J,,Joined to existing bio site,,
04021601,04021601,4021601,Bidwells Creek in Piffard,04,7,BIDW,1.5,04-BIDW-1.5,10 m upstream of SR 36/Main St,,,42.833967000000001,-77.896150000000006,,0,J,,Joined to existing bio site,,
04022300,04022300,4022300,Unnamed Tributary to Black Creek,04,7,BLAK_T30a,0.2,04-BLAK_T30a-0.2,50 m above Cockram Rd. bridge,,,43.053930999999999,-78.062907999999993,,N/A,N,,New rivermile & Trib ID,,
04021133,04021133,4021133,Black Creek,04,7,BLAK,30.8,04-BLAK-30.8,Byron Elba Road,,,43.079957999999998,-78.068641999999997,,N/A,N,,New rivermile,,
04021134,04021134,4021134,Black Creek,04,7,BLAK,32.0,04-BLAK-32.0,50 m above Cockram Rd. bridge,,,43.065779999999997,-78.065169999999995,"BLAK-01 (pre-2012), BLAK 08 (pre-2014)",60.166888,J,,Joined to existing bio site,,
04021136,04021136,4021136,Black Creek,04,7,BLAK,33.7,04-BLAK-33.7,At Walkers Corner Road,,,43.048219000000003,-78.069411000000002,,N/A,N,,New rivermile,,
04021137,04021137,4021137,Black Creek,04,7,BLAK,34.9,04-BLAK-34.9,Griswold Rd. crossing,,,43.034100000000002,-78.075400000000002,BLAK 07 (pre-2014),50.228560999999999,J,,Joined to existing bio site,,
04031502,04031502,4031502,Black Creek,04,7,BLCB,2.0,04-BLCB-2.0,Lake Rd bridge,,,42.316070000000003,-78.133160000000004,,N/A,N,,New rivermile,,
04022200,04022200,4022200,Bigelow Creek,04,7,BLOW,0.4,04-BLOW-0.4,Cockram Rd. ; 5m above bridge,,,43.066319999999997,-78.069490000000002,BLOW-01 prior to 2012; BLOW-02 (pre-2017),8.7189320000000006,J,,Joined to existing bio site,,
04022204,04022204,4022204,Bigelow Creek,04,7,BLOW,4.6,04-BLOW-4.6,Griswold Road Culvert,,,43.035040000000002,-78.110900000000001,BIGE-01 prior to 2012; BLOW-01 (pre-2017),43.724004000000001,J,,Joined to existing bio site,,
04022401,04022401,4022401,Big Spring Creek,04,7,BSPR,0.2,04-BSPR-0.2,Off Spring St,,,42.991943999999997,-77.866183000000007,,N/A,N,,New rivermile,,
04031401,04031401,4031401,Cold Creek,04,7,CLCK,0.2,04-CLCK-0.2,30m above Rte 19A bridge,,,42.464199999999998,-78.112700000000004,CLCK-01 (pre-2017),0,J,,Joined to existing bio site,,
04031301,04031301,4031301,Caneadea Creek,04,7,CNEA,0.1,04-CNEA-0.1,At SR 19,,,42.383054999999999,-78.154722000000007,,N/A,N,,New rivermile,,
04031H00,04031H00,04031H00,Genesee Valley Canal in Belfast,04,7,CRAW,0.4,04-CRAW-0.4,70 m off SR 19,,,42.368729999999999,-78.139210000000006,Genesee Valley Canal,0,J,,Joined to existing bio site,"RIBS site ID was 0, filled from stream name match in chem data table",
04031A01,04031A01,04031A01,Cryder Creek,04,8,CRYD,2.3,04-CRYD-2.3,20 m downstream of Paynesville Hill Road,,,42.007629999999999,-77.841849999999994,CRYD 01 (pre-2014),0,J,,Joined to existing bio site,"RIBS site ID was 0, filled from stream name match in chem data table",
04031601,04031601,4031601,Dyke Creek,04,7,DYKE,0.3,04-DYKE-0.3,At South Main St.,,,42.118054999999998,-77.941389000000001,,N/A,N,,New rivermile,,
04032102,04032102,4032102,East Koy Creek,04,7,EKOY,1.9,04-EKOY-1.9,At Overholt Rd.,,,42.535556,-78.096666999999997,,N/A,N,,New rivermile,,
04010003,04010003,4010003,GENESEE R. IN ROCHESTER,04,7,GENS,2.6,04-GENS-2.6,Genesee Docks at Boxart St.,,,43.227220000000003,-77.616389999999996,GENS 07 (pre-2014),0,J,,Joined to existing bio site,,
04021310,04021310,4021310,Honeoye Creek,04,7,HONY,9.6,04-HONY-9.6,15 m below Plains Rd. bridge,,,42.983629999999998,-77.600160000000002,HONY-10 (pre-2014),34.354222999999998,J,,Joined to existing bio site,Duplicate RIBS sites. Both associated with 04-HONY-9.6,Used old RIBS ID that was closest to the actual river mile. RIBS Data will need to be updated to reflect this.
04021310,04021312,4021312,Honeoye Creek,04,7,HONY,9.6,04-HONY-9.6,15 m below Plains Rd. bridge,,,42.983629999999998,-77.600160000000002,HONY-10 (pre-2014),5.6696390000000001,J,,Joined to existing bio site,Duplicate RIBS sites. Both associated with 04-HONY-9.6,Used old RIBS ID that was closest to the actual river mile. RIBS Data will need to be updated to reflect this.
04031900,04031900,4031900,Knight Creek,04,7,KNIT,0.3,04-KNIT-0.3,20 m below Knight Cr. Rd./Back River Rd. bridge,,,42.171019999999999,-77.987880000000004,KNIT 04 (pre-2014),0,J,,Joined to existing bio site,,
04021502,04021502,4021502,Little Black Creek,04,7,LBLA,1.0,04-LBLA-1.0,"Beahan Rd., opp. airport; 10m above bridge",,,43.116520000000001,-77.683109999999999,,67.3416,J,,Joined to existing bio site,,
04025101,04025101,4025101,Limekiln Creek in Springwater,04,7,LIMK,1.3,04-LIMK-1.3,10 m above Marvin Hill Rd. bridge,,,42.630420000000001,-77.596159999999998,LIMK-01 (pre-2014),0,J,,Joined to existing bio site,,
04021201,04021201,4021201,Oatka Creek,04,7,OATK,1.5,04-OATK-1.5,100 m below Rt. 251 bridge,,,43.01923,-77.747439999999997,OATK 02 (prior 2014),73.212380999999993,J,,Joined to existing bio site,,
04021246,04021246,4021246,Oatka Creek in Oatka,04,7,OATK,46.2,04-OATK-46.2,Old Buffalo Road,,,42.761035,-78.141473000000005,OATK 02 (prior 2014),0,J,,Joined to existing bio site,,
04031800,04031800,4031800,Phillips Creek,04,7,PHIP,0.1,04-PHIP-0.1,50m upstream of Greenwich St. bridge,,,42.226759999999999,-78.031189999999995,PHIP-01 (pre-2017),25.616546,J,,Joined to existing bio site,,
04031F03,04031F03,04031F03,Plum Bottom Creek in Amity,04,7,PLBO,3.3,04-PLBO-3.3,at Saunders Hill Rd,,,42.213769999999997,-77.981570000000005,PLBO-01 (prior 2014),92.691766999999999,J,,Joined to existing bio site,"RIBS site ID was 0, filled from stream name match in chem data table",
04041001,04041001,4041001,Canaseraga Creek,04,7,RAGA,1.4,04-RAGA-1.4,"at Rt. 408 bridge, USGS gage station spillway",,,42.735979999999998,-77.841840000000005,RAGA 01; RAGA 06 (pre-2014),115.36850699999999,J,,Joined to existing bio site,,
04041009,04041009,4041009,Canaseraga Creek in Sonyea,04,7,RAGA,9.3,04-RAGA-9.3,at Pioneer Rd. bridge,,,42.68074,-77.784490000000005,RAGA 05 (pre-2014),0,J,,Joined to existing bio site,,
04023200,04023200,4023200,Unnamed Tributary to Honeoye Creek in Richmond,04,7,RICM_T9,0.4,04-RICM_T9-0.4,upstream of Lake Road,,,42.722709999999999,-77.501549999999995,RICM 01 (pre-2014); RICM-0.4 (pre-2017),55.417937999999999,J,,Joined to existing bio site,,
04031103,04031103,4031103,Silver Lake Outlet,04,7,SILO,3.6,04-SILO-3.6,20 m above Twin Bridges Rd. bridge,,,42.71255,-77.963220000000007,SILO 01 (prior 2014),0,J,,Joined to existing bio site,,
04022100,04022100,4022100,Spring Brook,04,7,SPRG,0.3,04-SPRG-0.3,"Monroe Rd, under bridge",,,42.960160000000002,-77.618930000000006,SPRG-01 (pre-2014),0,J,,Joined to existing bio site,,
04022103,04022103,4022103,Spring Brook in Lima,04,7,SPRG,2.5,04-SPRG-2.5,At Corby Road bridge,,,42.934404000000001,-77.606904999999998,,N/A,N,,New rivermile,,
04030133,04030133,4030133,Genesee River,04,7,UGNS,132.0,04-UGNS-132.0,50 m above Knight Creek Rd bridge,,,42.170729999999999,-77.984690000000001,GENS B; UGNS 05  (pre-2014),11.789486,J,,Joined to existing bio site,,
04031E08,04031E08,403100000000,Vandermark Creek,04,7,VANM,8.2,04-VANM-8.2,CR 10 just before DEC,,,42.223019999999998,-77.872699999999995,VANM-00 (pre-2017),41.897430999999997,J,,Joined to existing bio site,"Any instances of ""04031000"" or ""403100000000"" in the data originated from an Excel autocorrect issue. Should be ""04031E08""","Any instances of ""04031000"" or ""403100000000"" in the data originated from an Excel autocorrect issue. Should be ""04031E08"""
04031701,04031701,4031701,Van Campen Creek,04,7,VCAM,0.4,04-VCAM-0.4,10 m above Rt. 19 bridge,,,42.25177,-78.057969999999997,VCAM 01 (pre-2014),0,J,,Joined to existing bio site,,
05033201,05033201,5033201,Bennetts Creek,05,7,BENN,0.5,05-BENN-0.5,40m above Rte 36 bridge,,,42.265430000000002,-77.594660000000005,,43.059151,J,,Joined to existing bio site,,
05033401,05033401,5033401,Big Creek,05,,BGCK,0.6,05-BGCK-0.6,Seneca St.,,,42.353000000000002,-77.660160000000005,,,J,,Joined to existing bio site,From group of 32 unconnected sites,
05033302,05033302,5033302,Canacadea Creek,05,,CDEA,1.8,05-CDEA-1.8,100 m above Rt. 21 bridge @gaging station,,,42.33567,-77.682670000000002,,,J,,Joined to existing bio site,From group of 32 unconnected sites,
05010005,05010005,5010005,Chemung River,05,,CHEM,5.4,05-CHEM-5.4,10 m below Rt. 427  bridge,,,42.002780000000001,-76.635000000000005,,,J,,Joined to existing bio site,From group of 32 unconnected sites,
05021038,05021038,5021038,Cohocton River,05,7,COHO,37.2,05-COHO-37.2,100 m above Larrowe Mills Rd. bridge,,,42.495260000000002,-77.503219999999999,,83.253331000000003,J,,Joined to existing bio site,,
05021006,05021006,5021006,Cohocton River,05,7,COHO,5.9,05-COHO-5.9,"30 m above Co. Rt. 4, Curtis Rd. bridge",,,42.206780000000002,-77.164199999999994,,61.250588,J,,Joined to existing bio site,,
05032201,05032201,5032201,Cowanesque River,05,,COWS,0.6,05-COWS-0.6,30 m above Rte 15,,,42.001609999999999,-77.127390000000005,,,J,,Joined to existing bio site,From group of 32 unconnected sites,
05022301,05022301,5022301,Fivemile Creek,05,7,FIVM,1.2,05-FIVM-1.2,10 m below Hemlock Rd. bridge,,,42.388489999999997,-77.357839999999996,,34.807910999999997,J,,Joined to existing bio site,,
05012100,05012100,5012100,Mallory Creek,05,7,MALL,0.1,05-MALL-0.1,20 m above CR 3,,,42.054699999999997,-76.623390000000001,,12.420442,J,,Joined to existing bio site,,
05022201,05022201,5022201,Mud Creek,05,7,MDCR,0.9,05-MDCR-0.9,@Rte 415 bridge,,,42.290230000000001,-77.220029999999994,,5.8507160000000002,J,,Joined to existing bio site,,
05011201,05011201,5011201,Newtown Creek,05,,NEWT,1.2,05-NEWT-1.2,East Avenue bridge,,,42.09046,-76.783722999999995,,N/A,N,,New site,From group of 32 unconnected sites,
05011302,05011302,5011302,Post Creek,05,7,POSC,1.6,05-POSC-1.6,Above High St Extension bridge,,,42.162649999999999,-77.053970000000007,,N/A,N,,New rivermile,,
05034100,05034100,5034100,Purdy Creek,05,,PURD,0.2,05-PURD-0.2,SR 248 bridge,,,42.259079999999997,-77.608559999999997,,N/A,N,,New site,From group of 32 unconnected sites,
05011104,05011104,5011104,Seeley Creek,05,7,SEEL,4.0,05-SEEL-4.0,100 m below Rt 14 bridge,,,42.052779999999998,-76.821950000000001,,82.381214,J,,Joined to existing bio site,,
05013100,05013100,5013100,Cameron Creek,05,7,STEO_T22,0.2,05-STEO_T22-0.2,At Canisteo River Road / County Rte 119 Bridge,,,42.198999999999998,-77.406999999999996,USTE-01 (pre-2017),64.842201000000003,J,,Joined to existing bio site,,
05032134,05032134,5032134,Canisteo River,05,7,STEO,33.9,05-STEO-33.9,@Depot St bridge,,,42.276200000000003,-77.601519999999994,,15.623843000000001,J,,Joined to existing bio site,,
05032110,05032110,5032110,Canisteo River,05,7,STEO,9.7,05-STEO-9.7,40 m below Newcomb Rd. bridge,,,42.116160000000001,-77.299130000000005,,33.299287999999997,J,,Joined to existing bio site,,
05031006,05031006,5031006,Tioga River,05,7,TOGA,6.3,05-TOGA-6.3,200m below Presho-Lindley Rd bridge,,,42.083129999999997,-77.148740000000004,,224.61275699999999,J,,Joined to existing bio site,,
05014108,05014108,5014108,N Br Tuscarora Creek,05,7,TUSC_N,8.4,05-TUSC_N-8.4,At Woodhull Hedgesville Road Bridge,,,42.137149000000001,-77.41234,TUSC-N1 (pre-2017),21.373929,J,,Joined to existing bio site,,
05033101,05033101,5033101,Tuscarora Creek,05,7,TUSC,0.5,05-TUSC-0.5,@South St bridge,,,42.103270000000002,-77.233720000000005,,30.398257999999998,J,,Joined to existing bio site,,
06012102,06012102,6012102,Butternut Creek,06,7,BTNT,1.3,06-BTNT-1.3,150 below Flat Iron Rd bridge,,,42.419449999999998,-75.36139,BTNT -01,178.855639,J,,Joined to existing bio site,,
06011202,06011202,6011202,Big Brook,06,7,BVIL,2.2,06-BVIL-2.2,40 m below Rt. 206 bridge,,,42.2575,-75.448610000000002,,0.137237,J,,Joined to existing bio site,,
06032102,06032102,6032102,Catatonk Creek,06,7,CATA,1.7,06-CATA-1.7,30 m downstream of Glen Mary Drive bridge,,,42.141669999999998,-76.294719999999998,,125.218581,J,,Joined to existing bio site,,
06031715,06031715,6031715,Cayuta Creek,06,7,CAYU,15.5,06-CAYU-15.5,"Wyncoop Creek Rd, under bridge.",,,42.202840000000002,-76.573419999999999,CAYU-00 (pre-2017),50.875739000000003,J,,Joined to existing bio site,,
06011509,06011509,6011509,Charlotte Creek,06,8,CHAR,9.5,06-CHAR-9.5,Below High Point Rd.,,,42.468420000000002,-74.885570000000001,CHAR00 (prior 2014),37.707326999999999,J,,Joined to existing bio site,,
06031600,06031600,6031600,Big Choconut Creek,06,7,CHOC,0.5,06-CHOC-0.5,20 m above Front St. bridge,,,42.08278,-76.063890000000001,,0.169486,J,,Joined to existing bio site,,
06022401,06022401,6022401,Castle Creek,06,7,CSTL,0.9,06-CSTL-0.9,40m above Rt. 11 bridge next to Jehovah's Witnesses Hall,,,42.168819999999997,-75.899019999999993,CSTL 01 (pre-2014),56.585228000000001,J,,Joined to existing bio site,,
06011105,06011105,6011105,Unadilla River,06,7,DILA,5.4,06-DILA-5.4,"50 m above Rt. 40 bridge 
250 m below bridge in 2013 due to high flow events",,,42.377220000000001,-75.405000000000001,DILA 01,211.751215,J,,Joined to existing bio site,,
06011157,06011157,6011157,Unadilla River,06,7,DILA,54.7,06-DILA-54.7,10m below Rte 51 bridge (at hazardous waste site),,,42.882100000000001,-75.192930000000004,,32.336013999999999,J,,Joined to existing bio site,,
06023201,06023201,6023201,Hunt Creek,06,7,HUNC,1.5,06-HUNC-1.5,"Above Hill Rd bridge, off CR 89",,,42.826390000000004,-75.469440000000006,,3.59815,J,,Joined to existing bio site,,
06031802,06031802,6031802,Little Choconut Creek,06,7,LCHO,2.0,06-LCHO-2.0,At overpass of side street off Main St. 150 m down.,,,42.117640000000002,-75.951120000000003,,50.735799999999998,J,,Joined to existing bio site,,
06021088,06021088,6021088,Chenango River,06,7,NANG_W,0.3,06-NANG_W-0.3,200 m above Hart Rd. bridge,,,42.884058000000003,-75.638407999999998,NANG-00 (pre-2017),173.87354300000001,J,,Joined to existing bio site,,
06021001,06021001,6021001,CHENANGO R. IN BINGHAMTON,06,7,NANG,0.7,06-NANG-0.7,"Lockwood St., 0.2 mi. above Rt. 17 bridge",,,42.103059999999999,-75.915000000000006,,1.1108290000000001,J,,Joined to existing bio site,,
06021053,06021053,6021053,Chenango River,06,7,NANG,48.1,06-NANG-48.1,At SR 320,,,42.553474999999999,-75.523173999999997,,N/A,N,,New rivermile,,
06031301,06031301,6031301,Nanticoke Creek,06,7,NANT,0.8,06-NANT-0.8,90 m upstream of West Main St bridge,,,42.092500000000001,-76.089721999999995,,N/A,N,,New rivermile,,
06011302,06011302,6011302,Schenevus Creek,06,7,NVUS,0.9,06-NVUS-0.9,50 m below bridge on road off I-88 Exit 17,,,42.48556,-74.969440000000006,,103.245847,J,,Joined to existing bio site,,
06011601,06011601,6011601,Oaks Creek,06,7,OAKS,0.7,06-OAKS-0.7,Rte 28 @gage above bridge,,,42.66583,-74.959999999999994,,3.5352769999999998,J,,Joined to existing bio site,,
06031201,06031201,6031201,Owego Creek,06,7,OWGO,0.3,06-OWGO-0.3,Rte. 17C at ball field.,,,42.096939999999996,-76.276949999999999,,45.506238000000003,J,,Joined to existing bio site,,
06022301,06022301,6022301,Page Brook,06,7,PAGE,0.6,06-PAGE-0.6,"below Rogers Rd. bridge, s.of Chenango Valley Park",,,42.197670000000002,-75.825069999999997,,51.565587999999998,J,,Joined to existing bio site,,
06031900,06031900,6031900,Patterson Creek,06,7,PATT,0.3,06-PATT-0.3,25m below Argonne St bridge,,,42.106610000000003,-76.014009999999999,,0,J,,Joined to existing bio site,,
06031401,06031401,6031401,Pipe Creek,06,7,PIPE,0.7,06-PIPE-0.7,50m downstream of Allen Rd bridge,,,42.062220000000003,-76.350279999999998,,55.369146999999998,J,,Joined to existing bio site,,
06014100,06014100,6014100,Unnamed Trib To Willseyville Creek,06,7,PROP,0.1,06-PROP-0.1,10m below Rte 96B bridge,,,42.262500000000003,-76.376109999999997,,0.942106,J,,Joined to existing bio site,,
06022503,06022503,6022503,Sangerfield River,06,7,SANG,2.9,06-SANG-2.9,50 m below Earlville Rd bridge,,,42.751950000000001,-75.532499999999999,,0.12590000000000001,J,,Joined to existing bio site,,
06031501,06031501,6031501,Snake Creek,06,7,SNAK,0.4,06-SNAK-0.4,50 m above Rt 7A bridge & RR bridge,,,42.015000000000001,-75.788700000000006,,63.665700999999999,J,,Joined to existing bio site,,
06030006,06030006,6030006,SUSQUEHANNA R. IN SMITHBORO,06,7,SUSQ,6.9,06-SUSQ-6.9,"300 m below Rt. 282 bridge
Access across river at Bridge St",,,42.029170000000001,-76.400559999999999,,0,J,,Joined to existing bio site,,
06022131,06022131,6022131,Tioughnioga River,06,7,TOGH,29.8,06-TOGH-29.8,50 m above Blodgett Mills bridge,,,42.568049999999999,-76.121669999999995,TOGH-05; TOGH 12 (pre-2014),0.67180399999999996,J,,Joined to existing bio site,,
06010153,06010153,6010153,Susquehanna River,06,7,USSQ,149.8,06-USSQ-149.8,Clintonville Rd,,,42.616,-74.953999999999994,,N/A,N,,New rivermile & ID,,
06010154,06010154,6010154,Susquehanna River,06,7,USSQ,154.7,06-USSQ-154.7,50 m above bridge; 10 m above Oak Cr. confluence,,,42.666890000000002,-74.945130000000006,,43.757215000000002,J,,Joined to existing bio site,,
07034621,07034621,7034621,Butternut Creek,07,7,BNUT,20.6,07-BNUT-20.6,50 m above Apulia Rd bridge,,,42.911610000000003,-76.070830000000001,,24.577324000000001,J,,Joined to existing bio site,,
07042103,07042103,7042103,Canandaigua Outlet,07,7,CANA,3.5,07-CANA-3.5,100 m above Alloway Rd. bridge,,,43.022280000000002,-76.989580000000004,CANA-12 (pre-2017),86.975314999999995,J,,Joined to existing bio site,,
07053504,07053504,7053504,Cayuga Inlet,07,7,CAYG,1.1,07-CAYG-1.1,200 m below Rte 13,,,42.416060000000002,-76.528390000000002,CAYG-02 (pre-2016),139.94508300000001,J,,Joined to existing bio site,,
07047100,07047100,7047100,Conklin Gully,07,7,CONK,1.0,07-CONK-1.0,60 meters upstream of Route 245,,,42.634999999999998,-77.367000000000004,CONK-01 (pre-2016),0.324459,J,,Joined to existing bio site,,
07052202,07052202,7052202,North Brook,07,7,COSP,1.9,07-COSP-1.9,Oakland St (Co Rt 13B) @bridge,,,43.050559999999997,-76.571669999999997,,31.359648,J,,Joined to existing bio site,,
07065100,07065100,7065100,Dutch Hollow Brook,07,7,DUCH,0.2,07-DUCH-0.2,At East Lake Rd. bridge,,,42.864159000000001,-76.508049,,N/A,N,,New rivermile,,
07053301,07053301,7053301,Fall Creek,07,7,FALL,0.9,07-FALL-0.9,Below North Cayuga St. bridge,,,42.454445,-76.500275000000002,,N/A,N,,New rivermile,,
07043304,07043304,7043304,Flint Creek,07,7,FLNT,3.6,07-FLNT-3.6,50 m above Griffith Rd. bridge,,,42.944719999999997,-77.089489999999998,FLNT-01; FLNT-07 (pre-2016),31.34158,J,,Joined to existing bio site,,
07033102,07033102,7033102,Fish Creek,07,7,FSHO,2.3,07-FSHO-2.3,"CR 50A, under bridge @campsite boat launch",,,43.223059999999997,-75.699169999999995,,0.557535,J,,Joined to existing bio site,,
07043203,07043203,7043203,Ganargua Creek,07,7,GNAR,22.2,07-GNAR-22.2,200 m above Erie St. bridge,,,43.066969999999998,-77.300539999999998,CCAN 02; GNAR-04 (pre-2016),167.873875,J,,Joined to existing bio site,,
07044100,07044100,7044100,Great Brook,07,7,GRBR,0.3,07-GRBR-0.3,"Plaster Mill Road, 400m above mo.....",,,42.979370000000003,-77.391499999999994,GRBR-02 (pre-2017),7.7810050000000004,J,,Joined to existing bio site,,
07024101,07024101,7024101,Ley Creek,07,7,LEY,0.4,07-LEY-0.4,"at USGS gaging station, Park St. bridge",,,43.07694,-76.171109999999999,LEY-02 (pre-2016),191.00119799999999,J,,Joined to existing bio site,,
07035103,07035103,7035103,Limestone Creek,07,7,LIME,2.8,07-LIME-2.8,Kirkville Rd; 30m above,,,43.088329999999999,-75.993889999999993,LIME-02 (pre-2016),31.231363999999999,J,,Joined to existing bio site,,
07034501,07034501,7034501,Mad River,07,8,MADR,1.0,07-MADR-1.0,River Rd (Co Rte 68) bridge; 5m below,,,43.342779999999998,-75.746110000000002,,0.26019199999999998,J,,Joined to existing bio site,,
07024201,07024201,7024201,Onondaga Creek,07,7,ONON,1.0,07-ONON-1.0,West Kirkpatrick St. Bridge,,,43.057780000000001,-76.163449999999997,ONON-02: ONON-05 (pre-2016),9.7748699999999999,J,,Joined to existing bio site,,
07010005,07010005,7010005,OSWEGO R. IN MINETTO,07,7,OSWE,5.2,07-OSWE-5.2,buoy 124,,,43.398060000000001,-76.47166,SEOS-09(pre 2016); SEOS-49.8 (pre-2017),0,J,,Joined to existing bio site,,
07062003,07062003,7062003,Owasco Outlet,07,7,OWAS,2.5,07-OWAS-2.5,2 m below New York Central Rd. bridge,,,43.052779999999998,-76.630549999999999,OWAS-10 (pre-2016),183.306287,J,,Joined to existing bio site,,
07064105,07064105,7064105,Owasco Inlet,07,7,OWLI,3.0,07-OWLI-3.0,20 m below SR 38,,,42.716670000000001,-76.437730000000002,OWLI-07 (pre-2017),52.030628,J,,Joined to existing bio site,,
07034301,07034301,7034301,Sconondoa Creek,07,7,SCON,0.9,07-SCON-0.9,10 m below Rt. 365 bridge,,,43.095280000000002,-75.625,SCON-06 (pre-2016),1.305366,J,,Joined to existing bio site,,
07034306,07034306,7034306,Sconondoa Creek,07,7,SCON,3.6,07-SCON-3.6,above Williams St. bridge,,,43.079720000000002,-75.589449999999999,SCON-04 (pre-2016),38.196345999999998,J,,Joined to existing bio site,,
07033501,07033501,7033501,Scriba Creek,07,7,SCRB,0.8,07-SCRB-0.8,5m above Co Rte 23 bridge,,,43.255549999999999,-76.003889999999998,SCRB-01 (pre-2016),45.213324,J,,Joined to existing bio site,,
07011023,07011023,7011023,SENECA R. IN JACKS REEF,07,7,SEOS,22.4,07-SEOS-22.4,100 m below Plainville Rd. bridge,,,43.098610000000001,-76.423609999999996,SEOS-01B (pre 2016); SEOS-51.7 (pre-2017),0,J,,Joined to existing bio site,,
07051057,07051057,7051057,Seneca River,07,7,SEOS,53.0,07-SEOS-53.0,Just west of boat launch at Seneca Falls Community Center,,,42.909170000000003,-76.801109999999994,CCAN-15A(pre 2016); SEOS-81.0 (pre-2017),0.388374,J,,Joined to existing bio site,,
07072003,07072003,7072003,Skaneateles Creek,07,7,SKAN,2.2,07-SKAN-2.2,5 m below Rt. 31 bridge,,,43.072780000000002,-76.48,SKAN-08 (pre-2016),0.25557299999999999,J,,Joined to existing bio site,,
07053401,07053401,7053401,Salmon Creek,07,7,SMON,0.3,07-SMON-0.3,At Myers Rd bridge,,,42.539444000000003,-76.543333000000004,,N/A,N,,New rivermile,,
07054100,07054100,7054100,Sixmile Creek,07,7,SXML,0.7,07-SXML-0.7,S. Plain & N.Titus intersection;@pedestrian bridge,,,42.434170000000002,-76.503889999999998,SXML-01 (pre-2017),1.2997449999999999,J,,Joined to existing bio site,,
07053603,07053603,7053603,Taughannock Creek,07,7,TGHN,3.5,07-TGHN-3.5,At Route 96 Bridge,,,42.53,-76.637,TGHN-01 (pre-2017),0.16026099999999999,J,,Joined to existing bio site,,
07034701,07034701,7034701,Canastota Creek,07,7,TOTA,0.8,07-TOTA-0.8,100 m above N. Main St. Rd. bridge,,,43.088610000000003,-75.754999999999995,TOTA-01 (pre-2016),36.661594000000001,J,,Joined to existing bio site,,
07053702,07053702,7053702,Trumansburg Creek,07,7,TRUM,2.8,07-TRUM-2.8,Cemetery St. bridge,,,42.541499999999999,-76.647499999999994,TRUM-01 (pre-2017),8.8517019999999995,J,,Joined to existing bio site,,
07034413,07034413,7034413,Wood Creek,07,7,WDCR,16.6,07-WDCR-16.6,"Rte 69, 5m above bridge",,,43.21472,-75.470280000000002,,0.30280400000000002,J,,Joined to existing bio site,,
07034103,07034103,7034103,E Br Fish Creek,07,8,WFSHO_E,2.9,07-WFSHO_E-2.9,At bridge on Main Street,,,43.302056999999998,-75.618086000000005,WFURC 01(pre 2015-incorrectly named Furnace Ck),27.193688000000002,J,,Joined to existing bio site,,
07011101,07011101,7011101,Waterhouse Creek,07,7,WHOS,0.3,07-WHOS-0.3,Fremont Rd bridge; 10m below,,,43.33278,-76.414169999999999,,66.044272000000007,J,,Joined to existing bio site,,
08011201,08011201,8011201,Beaver River,08,,BEEV,0.8,08-BEEV-0.8,Van Amber Rd. bridge(CR 33),,,43.898060000000001,-75.493889999999993,,,J,,Joined to existing bio site,From group of 32 unconnected sites,
08010001,08010001,8010001,Black River,08,,BLCK,1.4,08-BLCK-1.4,SR 180 bridge,,,44.004440000000002,-76.045280000000005,,N/A,N*,,New site,*DUPLICATE SITE. Associate data from both RIBS site IDs with single new SBU ID. From group of 32 unconnected sites,Used old RIBS ID that was closest to the actual river mile. RIBS Data will need to be updated to reflect this.
08010005,08010005,8010005,Black River,08,,BLCK,4.8,08-BLCK-4.8,Bridge St. bridge,,,44.00056,-75.98194,,N/A,N,,New site,Previously thought was DUP site. Found unique coords (that match bridge) in EQuIS locations table.,
08010107,08010107,8010107,Black River,08,8,BLCK,105.4,08-BLCK-105.4,5 m below Enos Rd./Bellingertown Rd.,,,43.410829999999997,-75.09666,BLCK-A (pre-2017),82.609622000000002,J,,Joined to existing bio site,,
08010051,08010051,8010051,Black River,08,7,BLCK,47.8,08-BLCK-47.8,At SR 812 bridge,,,43.822778,-75.463611,,N/A,N,,New rivermile,,
08010090,08010090,8010090,Black River,08,7,BLCK,88.1,08-BLCK-88.1,30 m above Hawkinsville Rd. bridge,,,43.49389,-75.275829999999999,BLCK-B (pre-2017),22.735945000000001,J,,Joined to existing bio site,,
08011102,08011102,8011102,Deer River,08,7,DEER,2.0,08-DEER-2.0,200 m above Rte 26 bridge,,,43.930280000000003,-75.59111,DEER-02(prior to 2012),90.808120000000002,J,,Joined to existing bio site,,
08011305,08011305,8011305,Independence River,08,7,INDY,4.6,08-INDY-4.6,20 m below Pine Grove Rd. bridge,,,43.730559999999997,-75.365549999999999,,31.671866999999999,J,,Joined to existing bio site,,
08011A00,08011A00,08011A00,Kelsey Creek,08,7,KLSY,0.1,08-KLSY-0.1,5 m above RR bridge at Rt. 12E,,,43.989440000000002,-75.924160000000001,,47.466271999999996,J,,Joined to existing bio site,"RIBS site ID was 0, filled from stream name match in chem data table",
08011702,08011702,8011702,Little Black Creek,08,8,LBLK,1.9,08-LBLK-1.9,Roberts Rd bridge at DEC fishing access,,,43.389000000000003,-75.113,,N/A,N,,New rivermile,,
08011901,08011901,8011901,Mile Creek,08,7,MILE,0.7,08-MILE-0.7,30 m below Joslyn Rd,,,43.52561,-75.299499999999995,,27.601797999999999,J,,Joined to existing bio site,,
08012201,08012201,8012201,Unnamed Trib to Mill Creek,08,7,MLLL_T7,0.8,08-MLLL_T7-0.8,400 meters upstream of Route 12,,,43.790300000000002,-75.546073000000007,UMLL-01 (pre-2017),66.516257999999993,J,,Joined to existing bio site,,
08011E02,08011E02,801100,Mill Creek,08,7,MLLL,1.8,08-MLLL-1.8,15 m below E. State Street bridge,,,43.78305,-75.478610000000003,,43.819020999999999,J,,Joined to existing bio site,"Any instances of ""0801100"" in the data originated from an Excel autocorrect issue. Should be ""08011E02""","Any instances of ""0801100"" in the data originated from an Excel autocorrect issue. Should be ""08011E02"""
08012116,08012116,8012116,Moose River,08,8,MOOS,16.8,08-MOOS-16.8,200 m above Rt.28 bridge; dirt rd. off SR 28 to river,,,43.612499999999997,-75.101110000000006,MOOS-03 (prior to 2012),116.369148,J,,Joined to existing bio site,,
08013100,08013100,8013100,Pine Creek,08,,PINC,0.4,08-PINC-0.4,Youngs Rd bridge,,,43.623890000000003,-75.258330000000001,,,J,,Joined to existing bio site,From group of 32 unconnected sites,
08011802,08011802,8011802,Roaring Brook,08,,ROAR,2.0,08-ROAR-2.0,Cannan Rd bridge,,,43.741999999999997,-75.424999999999997,,N/A,N,,New site,From group of 32 unconnected sites,
08011604,08011604,8011604,Woodhull Creek,08,8,WDHL,4.0,08-WDHL-4.0,40 m below Horton Rd.bridge; at DEC fishing access,,,43.463329999999999,-75.172499999999999,,54.740954000000002,J,,Joined to existing bio site,,
09054107,09054107,9054107,Black Creek,09,7,BLAH,9.1,09-BLAH-9.1,At South Hammond Rd bridge,,,44.393349999999998,-75.729280000000003,,N/A,N,,New rivermile,,
09065301,09065301,9065301,Black Creek,09,7,BLAP,0.8,09-BLAP-0.8,At Garden of Eden Rd. bridge,,,44.148611000000002,-75.700554999999994,,N/A,N,,New rivermile,,
09011102,09011102,9011102,Brandy Brookin Waddington,09,7,BRND,2.5,09-BRND-2.5,"Franklin Rd, CR 44",,,44.849719999999998,-75.164169999999999,BRND 01 (pre-2014),0,J,,Joined to existing bio site,,
09021102,09021102,9021102,Chateaugay River,09,7,CGAY,2.7,09-CGAY-2.7,20 m above Sam Cook Rd. bridge,,,44.962780000000002,-74.132499999999993,CGAY 01 (pre-2014),37.649849000000003,J,,Joined to existing bio site,,
09022101,09022101,9022101,Deer River,09,7,DERR,0.2,09-DERR-0.2,50 m below Depot Rd.bridge,,,44.920070000000003,-74.722089999999994,DERR-01(prior 2009); DERR 03  (pre-2014),50.412080000000003,J,,Joined to existing bio site,,
09024101,09024101,9024101,Trib of East Branch Deer Creek in Malone,09,7,EDEE,13.4,09-EDEE-13.4,Wheeler Road 40 m above culvert,,,44.870350000000002,-74.360709999999997,EDEE-01(pre-2015),0,J,,Joined to existing bio site,,
09043105,09043105,9043105,Elm Creek,09,7,ELMK,4.3,09-ELMK-4.3,10m below Jefferson St. Bridge,,,44.470280000000002,-75.233059999999995,ELMK-00 (pre-2014),0.43989600000000001,J,,Joined to existing bio site,,
09021502,09021502,9021502,English River,09,7,ENGL,2.5,09-ENGL-2.5,20 m above Bush Rd. bridge site,,,44.975279999999998,-73.663610000000006,ENGL 01(pre-2014),43.510303999999998,J,,Joined to existing bio site,,
09042304,09042304,9042304,Middle Branch Grass River in Russell,09,8,GRAS_M,3.7,09-GRAS_M-3.7,at riffle by bridge at Dean Rd,,,44.380032,-75.031319999999994,GRAS-M (pre-2015); GRAS-M3.7 (pre-2017),197.26759799999999,J,,Joined to existing bio site,,
09051001,09051001,9051001,Oswegatchie River,09,7,GTCH,1.0,09-GTCH-1.0,"below Rt. 37 bridge, near Lafayette & Mechanic Sts Has been taken near pedestrian bridge also.",,,44.690280000000001,-75.493889999999993,STLW 07B (pre-2017),0.27271000000000001,J,,Joined to existing bio site,,
09064234,09064234,9064234,Indian River in Hall Corners,09,7,INDN,33.7,09-INDN-33.7,Anstead bridge (Elm Ridge Rd.),,,44.111109999999996,-75.782780000000002,INDN 03 (pre-2014),0,J,,Joined to existing bio site,,
09055103,09055103,9055103,Jewett Creek in Redwood,09,7,JEWT,3.1,09-JEWT-3.1,Stine Rd. off of Rte 37,,,44.333889999999997,-75.790279999999996,JEWT 01 (pre-2014),0,J,,Joined to existing bio site,,
09023107,09023107,9023107,Lawrence Brook,09,7,LAWR,5.9,09-LAWR-5.9,30m below Wangum Rd bridge,,,44.838889999999999,-74.596109999999996,,0.159194,J,,Joined to existing bio site,,
09042104,09042104,9042104,Little River,09,7,LITL,3.5,09-LITL-3.5,Pike Rd Bridge,,,44.586109999999998,-75.130840000000006,LITL 01 (pre-2014),90.185077000000007,J,,Joined to existing bio site,,
09023201,09023201,9023201,Unnamed Tributary to Little Salmon River in Fort Covington,09,7,LSAL_T1,1.0,09-LSAL_T1-1.0,130 m east off Frye Rd; mostly wetland,,,44.961191999999997,-74.495154999999997,LSAL-F (pre-2015); LSAL-F1.0 (pre-2017),190.22638599999999,J,,Joined to existing bio site,,
09021201,09021201,9021201,Little Salmon River,09,,LSAL,0.6,09-LSAL-0.6,At CR 43 bridge,,,44.990833299999998,-74.503055500000002,,N/A,N,,New site,From group of 32 unconnected sites,
09022303,09022303,9022303,Little Salmon River,09,7,LSAL,3.1,09-LSAL-3.1,40 m above Foster Rd. bridge,,,44.966949999999997,-74.511949999999999,LSAL-01(prior 2009); LSAL 02 (pre-2014),63.202641,J,,Joined to existing bio site,,
09022406,09022406,9022406,Little Trout River,09,7,LTRU,2.2,09-LTRU-2.2,Coveytown Road Bridge,,,44.941319999999997,-74.286529999999999,LTRU 01 (pre-2014),16.476696,J,,Joined to existing bio site,,
09053101,09053101,9053101,Matoon Creek,09,7,MATO,0.3,09-MATO-0.3,Rt. 58 bridge,,,44.313330000000001,-75.455560000000006,,37.493155999999999,J,,Joined to existing bio site,,
09032200,09032200,9032200,O'Malley Brook,09,7,OMAL,0.3,09-OMAL-0.3,@Lenny road,,,44.575539999999997,-74.942130000000006,OMAL 01 (pre-2014),0,J,,Joined to existing bio site,,
09032300,09032300,9032300,Parkhurst Brook in Potsdam,09,7,PARK,0.3,09-PARK-0.3,30m below Rt 56 bridge,,,44.65278,-74.971109999999996,PARK 01 (pre-2014),0,J,,Joined to existing bio site,,
09021301,09021301,9021301,Pike Creek,09,7,PIKC,0.9,09-PIKC-0.9,At CR 43 bridge,,,44.988332999999997,-74.546666999999999,,N/A,N,,New rivermile,,
09021309,09021309,9021309,Pike Creek in Bombay,09,7,PIKC,8.7,09-PIKC-8.7,"Cotter Road; poor site, channelized
Net jab at culvert; recently dredged.",,,44.919352000000003,-74.616910000000004,,92.221115999999995,J,,Joined to existing bio site,,
09042219,09042219,9042219,Plumb Creek in Russell,09,8,PLMB,12.4,09-PLMB-12.4,"off Spicer Rd. Newly dammed by beaver, moved coord",,,44.327302000000003,-75.091868000000005,PLMB-T0.1 (pre-2017),0,J,,Joined to existing bio site,,
09065102,09065102,9065102,Pleasant Creek,09,7,PLST,0.8,09-PLST-0.8,320 meters downstream of SR 11/26 bridge,,,44.087769999999999,-75.795060000000007,PLST-01 (pre-2017),218.971735,J,,Joined to existing bio site,,
09031003,09031003,9031003,Raquette River,09,7,RAQU,3.2,09-RAQU-3.2,below CR 45/128 bridge,,,44.978610000000003,-74.733059999999995,STLW-16; RAQU-10 (pre-2017),0,J,,Joined to existing bio site,,
09031081,09031081,9031081,Raquette River,09,7,RAQU,43.8,09-RAQU-43.8,At CR 24 bridge,,,44.586944000000003,-74.959999999999994,,N/A,N,,New rivermile,,
09022203,09022203,9022203,W Br St Regis River,09,7,REGI_W,2.7,09-REGI_W-2.7,30m above McCarthy Rd bridge,,,44.786110000000001,-74.815280000000001,REGI-W (pre-2017),57.823782000000001,J,,Joined to existing bio site,,
09021003,09021003,9021003,St Regis River,09,7,REGI,2.8,09-REGI-2.8,"Upstream of Hogansburg dam, directly behind dam in impoundment",,,44.973359000000002,-74.665302999999994,,46.503438000000003,J,,Joined to existing bio site,,
09021009,09021009,9021009,St Regis River,09,7,REGI,7.8,09-REGI-7.8,Rte 37C bridge,,,44.924439999999997,-74.722219999999993,REGI 07 (pre-2014),22.109390000000001,J,,Joined to existing bio site,,
09011203,09011203,9011203,Sucker Brook in Waddington,09,7,SCKE,3.4,09-SCKE-3.4,40m downstream of Buck Rd bridge,,,44.837780000000002,-75.222219999999993,"SCKE-01(Big Sucker Brook, prior 2009))SCKE02 (pre2014)",0,J,,Joined to existing bio site,,
09010008,09010008,9010008,St. Lawrence River,09,,STLW,8.3,09-STLW-8.3,below Moses Saunders Dam,,,45.004719999999999,-74.795280000000005,,,J,,Joined to existing bio site,From group of 32 unconnected sites,
09052101,09052101,9052101,Sylvia Lake Outlet in Fowler,09,7,SYLV,1.4,09-SYLV-1.4,5 m below Sylvia Lake Rd. bridge,,,44.273890000000002,-75.391390000000001,TURN 03; SYLV03(pre-2015),0,J,,Joined to existing bio site,,
09043201,09043201,9043201,Van Rensselaer Creek in Pierrepont,09,7,VREN,1.1,09-VREN-1.1,10m below Rte. 91 bridge,,,44.50056,-75.051670000000001,VREN 02 (pre-2014),0,J,,Joined to existing bio site,,
09066102,09066102,9066102,West Creek in Evans Mills,09,7,WSCK,3.4,09-WSCK-3.4,North Star Rd; low gradient,,,44.061953000000003,-75.827492000000007,,60.545009999999998,J,,Joined to existing bio site,,
09032101,09032101,9032101,Trout Brook,09,7,TOOK,0.1,09-TOOK-0.1,40m above River Rd Bridge,,,,,,55,J,X,Joined to existing bio site,Corrected 4/28/20 from 09-XRAQU-20.6. Can't deduce where this site ID came from! Coords matched near existing 09-TOOK-0.1.,
10053201,10053201,10053201,Big Creek,10,7,BIGC,1.7,10-BIGC-1.7,Off SR 149,,,43.356270000000002,-73.470100000000002,,N/A,N,,New rivermile,,
10053205,10053205,10053205,Big Creek,10,7,BIGC,6.3,10-BIGC-6.3,Townsend Rd bridge,,,43.359900000000003,-73.421899999999994,,0,J,,Joined to existing bio site,,
10054100,10054100,10054100,Bishop Brook,10,7,BISH,0.6,10-BISH-0.6,"rte 149, 50 m below bridge, fields on each side",,,43.4039,-73.538210000000007,,65.053043000000002,J,,Joined to existing bio site,,
10042401,10042401,10042401,Black River,10,8,BLAR,1.1,10-BLAR-1.1,CR8,,,44.234220000000001,-73.51052,,47.989117,J,,Joined to existing bio site,,
10041203,10041203,10041203,Bouquet River,10,7,BOQT,2.8,10-BOQT-2.8,500 m above Rt. 22 bridge,,,44.361742,-73.391576999999998,BOQT-07,207.81506999999999,J,,Joined to existing bio site,,
10041230,10041230,10041230,Boquet River,10,8,BOQT,28.6,10-BOQT-28.6,Above CR 8 bridge,,,44.217779999999998,-73.585560000000001,,N/A,N,,New rivermile,,
10043101,10043101,10043101,Cascade Brook,10,8,CADE,0.1,10-CADE-0.1,30m above Church St,,,44.262500000000003,-73.795829999999995,,65.686738000000005,J,,Joined to existing bio site,,
10051600,10051600,10051600,Mettawee River,10,7,CHMP,1.1,10-CHMP-1.1,Saunders Street just below restaurant dock,,,43.555,-73.400999999999996,,39.128663000000003,J,,Joined to existing bio site,,
10052204,10052204,10052204,Champlain Canal,10,7,CHMP,6.3,10-CHMP-6.3,Ryder Road 200 m above bridge,,,43.482309999999998,-73.425309999999996,,197.429329,J,,Joined to existing bio site,,
10051702,10051702,10051702,Mill Brook,10,8,CMIL,3.3,10-CMIL-3.3,At Lake Rd,,,43.722127,-73.418302999999995,,0,J,,Joined to existing bio site,,
10022201,10022201,10022201,Corbeau Creek,10,7,CORB,0.8,10-CORB-0.8,10 m below Stetson Rd. bridge,,,44.937779999999997,-73.420559999999995,CORB 01 (pre-2014),0.43759599999999998,J,,Joined to existing bio site,,
10051802,10051802,10051802,Fivemile Creek,10,7,FMIL,2.1,10-FMIL-2.1,10 m above Rt. 49 bridge,,,43.88111,-73.422780000000003,,24.473697000000001,J,,Joined to existing bio site,,
10022300,10022300,10022300,N Br Great Chazy River,10,7,GCHZ_N,0.5,10-GCHZ_N-0.5,100 m above Rt. 11 bridge,,,44.95702,-73.643299999999996,GCHZ-02 (2009); NCHZ-02 (pre-2017),120.852338,J,,Joined to existing bio site,,
10021028,10021028,10021028,Great Chazy River,10,7,GCHZ,27.4,10-GCHZ-27.4,Joe Wood Rd. (CR 15) across from Town Line Rd.,,,44.912849999999999,-73.639503000000005,,29.624171,J,,Joined to existing bio site,,
10021030,10021030,10021030,Great Chazy River,10,7,GCHZ,29.4,10-GCHZ-29.4,Miner Farm Rd; CR 23,,,44.888890000000004,-73.64528,GCHZ-01 (2009); GCHZ 02 (pre-2014),0,J,,Joined to existing bio site,,
10021006,10021006,10021006,Great Chazy River,10,7,GCHZ,6.6,10-GCHZ-6.6,At Ryder Rd bridge,,,44.986699999999999,-73.445599999999999,,N/A,N,,New rivermile,,
10051202,10051202,10051202,La Chute,10,7,LCHU,2.0,10-LCHU-2.0,200 m above Elk Dr. bridge,,,43.849449999999997,-73.421109999999999,TCON-01 (pre-2017),0.62846299999999999,J,,Joined to existing bio site,,
10021203,10021203,10021203,Little Chazy River,10,7,LCHZ,2.6,10-LCHZ-2.6,At Stetson Rd bridge,,,44.901944,-73.415554999999998,,N/A,N,,New rivermile,,
10052104,10052104,10052104,Mud Brook,10,7,MDAU,4.0,10-MDAU-4.0,CR17,,,44.479790000000001,-73.46387,,34.506790000000002,J,,Joined to existing bio site,,
10052105,10052105,10052105,Mud Brook,10,7,MDBR,4.1,10-MDBR-4.1,2 m below Beckwith Rd. bridge,,,43.562220000000003,-73.346950000000007,,0.51425100000000001,J,,Joined to existing bio site,,
10051501,10051501,10051501,Mettawee River,10,7,METT,1.1,10-METT-1.1,Gray Lane bridge,,,43.528333000000003,-73.387777999999997,,N/A,N,,New rivermile & ID,,
10032A01,10032A01,10032A01,McKenzie Brook,10,8,MKZI,0.8,10-MKZI-0.8,Mckenzie Pond Rd -CR 33,,,44.314827000000001,-74.105152000000004,,75.085673999999997,J,,Joined to existing bio site,"RIBS site ID was 0, filled from stream name match in chem data table",
10051312,10051312,10051312,Poultney River,10,,PTNY,17.8,10-PTNY-17.8,150 m above Rt. 22A bridge,,,43.566670000000002,-73.261949999999999,,,J,,Joined to existing bio site,From group of 32 unconnected sites,
10051113,10051113,10051113,Putnam Creek,10,8,PUTM,13.2,10-PUTM-13.2,"Bear Pond Rd, off CR 96",,,43.874720000000003,-73.540559999999999,,4.2348790000000003,J,,Joined to existing bio site,,
10010001,10010001,10010001,Richelieu River,10,7,RICH,1.6,10-RICH-1.6,Off Lake St.,,,44.988889999999998,-73.363889999999998,,N/A,N,,New rivermile,,
10010001E,10010001E,10010001E,Richelieu River,10,,RICH,1.6,10-RICH-1.6,100 m south of bridge,,,44.999169999999999,-73.349170000000001,,N/A,N,,New site,From group of 32 unconnected sites,
10042516,10042516,10042516,E Br Ausable River,10,8,SABL_E,17.2,10-SABL_E-17.2,150 m above Rt. 73 bridge,,,44.255830000000003,-73.795119999999997,ESAB-05 (pre-2017),143.022347,J,,Joined to existing bio site,,
10042126,10042126,10042126,W Br Ausable River,10,8,SABL_W,25.6,10-SABL_W-25.6,50 m below Rte. 73 bridge at Olympic ski jump,,,44.257219999999997,-73.962500000000006,SABL-01 (pre-2017),53.907739999999997,J,,Joined to existing bio site,,
10041102,10041102,10041102,Ausable River,10,7,SABL,2.2,10-SABL-2.2,100 m above Rt. 9 bridge,,,44.558889999999998,-73.449169999999995,,0,J,,Joined to existing bio site,,
10031001,10031001,10031001,Saranac River,10,7,SARA,0.9,10-SARA-0.9,Saranac St. bridge,,,44.691940000000002,-73.453329999999994,SARA 06A (pre-2014),0.55452000000000001,J,,Joined to existing bio site,,
10032101,10032101,10032101,Sumner Brook,10,8,TWOB,1.3,10-TWOB-1.3,40m above Rte 3,,,44.408549999999998,-74.084270000000004,SUMN-01 (pre-2017),53.420337000000004,J,,Joined to existing bio site,,
10063101,10063101,10063101,West Brook,10,8,WSBR,0.2,10-WSBR-0.2,30 m below foot bridge; opposite Action Park,,,43.418329999999997,-73.710830000000001,,74.296424999999999,J,,Joined to existing bio site,,
11011101,11011101,11011101,Anthony Kill,11,7,ANTH,0.8,11-ANTH-0.8,Off Saratoga Ave,,,42.909168000000001,-73.689162999999994,,N/A,N,,New rivermile,,
11031011,11031011,11031011,Batten Kill,11,7,BATT,10.2,11-BATT-10.2,200 m above Ray Rd. bridge,,,43.098329999999997,-73.456950000000006,,95.072632999999996,J,,Joined to existing bio site,,
11042302,11042302,11042302,Chester Creek,11,8,CHST,2.5,11-CHST-2.5,Intersection Route 8 and 9,,,43.655999999999999,-73.801000000000002,,0.281781,J,,Joined to existing bio site,,
11012102,11012102,11012102,Dwaas Kill,11,7,DWAS,2.8,11-DWAS-2.8,Roberts Lane bridge,,,42.899720000000002,-73.773060000000001,DWAS 04,0.43457099999999999,J,,Joined to existing bio site,,
11011202,11011202,11011202,Fish Creek,11,7,FISC,3.8,11-FISC-3.8,25m above Bridge St. bridge,,,43.087090000000003,-73.592115000000007,FISC-03 (pre-2016),55.929738,J,,Joined to existing bio site,,
11011204,11011204,11011204,Fish Creek,11,7,FISC,6.6,11-FISC-6.6,At Burgoyne Rd. bridge,,,43.095001000000003,-73.613051999999996,,N/A,N,,New rivermile,,
11021023,11021023,11021023,Hoosic River,11,7,HOOS,20.8,11-HOOS-20.8,100 m above Rt. 67 bridge,,,42.951390000000004,-73.391109999999998,,0.160716,J,,Joined to existing bio site,,
11021037,11021037,11021037,Hoosic River,11,8,HOOS,32.8,11-HOOS-32.8,500 m above Rt. 95 bridge,,,42.826390000000004,-73.322500000000005,,0.1222,J,,Joined to existing bio site,,
11013109,11013109,11013109,Kayaderosseras Creek,11,7,KAYD,9.1,11-KAYD-9.1,150m above Ralph St. bridge,,,43.008330000000001,-73.844719999999995,KAYD 03A (2013): KAYD 04A (pre-2014),31.226703000000001,J,,Joined to existing bio site,,
11022301,11022301,11022301,Little Hoosic River,11,8,LHOO,0.1,11-LHOO-0.1,"Rte 346 bridge, first bridge when you turn off SR 22",,,42.822499999999998,-73.326669999999993,HOOS-06A,65.585160999999999,J,,Joined to existing bio site,,
11014205,11014205,11014205,Mourning Kill,11,7,MORN,4.0,11-MORN-4.0,At Tiffault Rd bridge,,,42.976666999999999,-73.850832999999994,,N/A,N,,New rivermile,,
11041101,11041101,11041101,Sacandaga River,11,8,SACN,0.1,11-SACN-0.1,200 m below Old Corinth Rd. bridge,,,43.313609999999997,-73.844999999999999,SACN-01 (pre-2016),0.122201,J,,Joined to existing bio site,,
11041150,11041150,11041150,Sacandaga River,11,8,SACN,50.7,11-SACN-50.7,30 m downstream of SR 8 bridge,,,43.44556,-74.251949999999994,SACN-B (pre-2016),0.66661999999999999,J,,Joined to existing bio site,,
11041203B,11041203B,11041203B,Schroon River,11,8,SCHR,3.2,11-SCHR-3.2,5 m above Rt. 9 bridge,,,43.488059999999997,-73.760829999999999,SCHR-01A (pre-2016),0.52090400000000003,J,,Joined to existing bio site,"RIBS site ID was 0, filled from stream name match in chem data table",
11042402,11042402,11042402,Stewart Brook,11,8,STEW,2.3,11-STEW-2.3,20m upstream of  Potash Road bridge,,,43.378999999999998,-73.837000000000003,STEW-00 (pre-2016),0.242701,J,,Joined to existing bio site,,
11022201,11022201,11022201,Tomhannock Creek,11,7,TOMH,0.1,11-TOMH-0.1,"30m above the confluence with Hoosic River, Rte. 67 bridge",,,42.901200000000003,-73.637900000000002,TOMH-01 (pre-2016),75.833921000000004,J,,Joined to existing bio site,,
11010157,11010157,11010157,Hudson River,11,7,UHUD,2.7,11-UHUD-2.7,green buoy 15,,,42.788200000000003,-73.675299999999993,UHUD-11(pre 2016),103.35832499999999,J,,Joined to existing bio site,,
11010215,11010215,11010215,Hudson River,11,8,UHUD,64.0,11-UHUD-64.0,40m from port shore;bet. power lines and spillway,,,43.248609999999999,-73.832499999999996,UHUD-01 (pre 2016),0.1222,J,,Joined to existing bio site,,
11040247,11040247,11040247,Hudson River,11,8,UHUD,98.3,11-UHUD-98.3,50 m below Rte 8 bridge,,,43.661670000000001,-73.898610000000005,UHUD-01A (pre-2017),0.42253299999999999,J,,Joined to existing bio site,,
11022107,11022107,11022107,Walloomsac River,11,7,WALL,6.2,11-WALL-6.2,50 m above Cottrell Rd. bridge,,,42.939450000000001,-73.284999999999997,WALL-03 (pre-2016),0.62212599999999996,J,,Joined to existing bio site,,
11033101,11033101,11033101,White Creek,11,7,WHIT,1.1,11-WHIT-1.1,Hanks Rd bridge; 20m upstream,,,43.151389999999999,-73.353890000000007,,125.38638899999999,J,,Joined to existing bio site,,
11043201,11043201,11043201,West Stony Creek,11,8,WSTN,0.1,11-WSTN-0.1,West Stony Creek Rd; 200m above Rte 30 bridge,,,43.254722000000001,-74.223611000000005,,N/A,N,,New rivermile,,
12051117,12051117,1205117,Alplaus Kill,12,,ALPL,16.1,12-ALPL-16.1,Below Route 67,West Charlton,Saratoga,42.974499999999999,-74.019900000000007,,0,J,,Added 11/22/19 during 2016 chem qaqc,,
12051601,12051601,12051601,Ballou Creek,12,,BALU,0.1,12-BALU-0.1,Downstream of CSO outlet,Utica,Oneida,43.101390000000002,-75.200839999999999,,0,J,,Added 11/22/19 during 2016 chem qaqc,,
12022301,12022301,12022301,Batavia Kill,12,8,BATV,0.2,12-BATV-0.2,Rte 23A bridge,,,42.303890000000003,-74.417500000000004,,N/A,N,,New rivermile,,
12023100,12023100,12023100,Betty Brook,12,8,BETY,0.2,12-BETY-0.2,40 m below CR 43 bridge,,,42.488999999999997,-74.509,BETY-01 (pre-2017),0,J,,Joined to existing bio site,,
12011205,12011205,12011205,Canajoharie Creek,12,,CAJO,5.1,12-CAJO-5.1,40 m above McEwan Rd. bridge,Marshville,Montgomery,42.876109999999997,-74.60333,,0,J,,Added 11/22/19 during 2016 chem qaqc,,
12011901,12011901,12011901,Caroga Creek,12,7,CARO,0.3,12-CARO-0.3,200 m above Rt. 5 bridge,,,42.968060000000001,-74.628609999999995,CARO 01 (pre-2015),90.549790999999999,J,,Joined to existing bio site,,
12011105,12011105,12011105,Cayadutta Creek,12,7,CAYA,4.7,12-CAYA-4.7,"40 m above Rt. 334 bridge, 1.9 mi. below STP",,,42.986669999999997,-74.430269999999993,CAYA-02 (pre-2016),0,J,,Joined to existing bio site,,
12032103,12032103,12032103,Cincinnati Creek,12,7,CINC,3.4,12-CINC-3.4,at Park St. bridge,,,43.273060000000001,-75.18723,,31.356328999999999,J,,Joined to existing bio site,,
12022101,12022101,12022101,Cobleskill Creek,12,7,COBL,0.6,12-COBL-0.6,60 m above Rt. 30A bridge,,,42.70722,-74.338329999999999,COBL-01; COBL-07 (pre-2017),0,J,,Joined to existing bio site,,
12042103,12042103,12042103,Deans Creek,12,7,DEAN,2.4,12-DEAN-2.4,East Main St bridge,,,43.116943999999997,-75.400554999999997,,N/A,N,,New rivermile,,
12022501,12022501,12022501,East Kill,12,8,EAST,0.1,12-EAST-0.1,5 m below Rte 23A bridge,,,42.236669999999997,-74.317779999999999,,0.422657,J,,Joined to existing bio site,,
12011001,12011001,12011001,Fulmer Creek,12,7,FULM,0.4,12-FULM-0.4,30 m above West Main St. bridge,,,43.009720000000002,-75.011669999999995,FULM-02  (pre-2016),66.056856999999994,J,,Joined to existing bio site,,
12012400,12012400,12012400,Indian Kill,12,7,INDK,0.3,12-INDK-0.3,above culvert at Maple Ave,,,42.870280000000001,-73.906390000000002,INDK-06 (pre-2017),0.81706500000000004,J,,Joined to existing bio site,,
12013201,12013201,12013201,Lasher Creek,12,,LASH,0.1,12-LASH-0.1,SR 5S,Sprakers,Montgomery,42.895209999999999,-74.470803000000004,,0,J,,Added 11/22/19 during 2016 chem qaqc,,
12011A00,12011A00,12011A00,Lansing Kill,12,7,LKIL,0.4,12-LKIL-0.4,50 m above Webster Hill Rd,,,43.358600000000003,-75.388099999999994,LKIL-01 (pre-2017),11.233335,J,,Joined to existing bio site,"RIBS site ID was 0, filled from stream name match in chem data table",
12022401,12022401,12022401,Little Schoharie Creek,12,8,LSCH,0.4,12-LSCH-0.4,Clauverwie Road bridge,,,42.587778,-74.336388999999997,,N/A,N,,New rivermile & ID,,
12013101,12013101,12013101,Mathew Creek,12,7,MATT,0.9,12-MATT-0.9,20 m below O'Neil Rd.culverts,,,43.023890000000002,-74.381389999999996,,N/A,N,,New rivermile,,
12010001,12010001,12010001,Mohawk River,12,7,MOHK,1.5,12-MOHK-1.5,20 m above Rt. 32 and RR bridges,,,42.778329999999997,-73.696669999999997,MOHK-29 (pre-2016),0.45529900000000001,J,,Joined to existing bio site,,
12010108,12010108,12010108,Mohawk River,12,7,MOHK,104.9,12-MOHK-104.9,Barnes Ave bridge,,,43.111666999999997,-75.244721999999996,,N/A,N,,New rivermile,,
12010142,12010142,12010142,Mohawk River,12,7,MOHK,136.0,12-MOHK-136.0,150 yds. above River Rd. bridge,,,43.339440000000003,-75.365830000000003,MOHK-A (pre-2016),0.81087500000000001,J,,Joined to existing bio site,,
12010065,12010065,12010065,Mohawk River,12,7,MOHK,64.6,12-MOHK-64.6,At River Rd bridge,,,42.933610999999999,-74.617778000000001,,N/A,N,,New rivermile,,
12010101,12010101,12010101,Mohawk River,12,7,MOHK,98.9,12-MOHK-98.9,150 m below Dyke Rd. bridge,,,43.090560000000004,-75.157780000000002,MOHK-06R; MOHK-06 (pre-2016),0.52056899999999995,J,,Joined to existing bio site,,
12051501,12051501,12051501,Nail Creek,12,,NAIL,0.1,12-NAIL-0.1,Haak Rd,Utica,Oneida,43.108890000000002,-75.242500000000007,,0,J,,Added 11/22/19 during 2016 chem qaqc,,
12011701,12011701,12011701,N Chuctanunda Creek,12,7,NCHU,0.8,12-NCHU-0.8,100 yds above Willow St bridge,,,42.938609999999997,-74.182220000000001,NCHU-03A (pre-2015),0.21718499999999999,J,,Joined to existing bio site,,
12011C03,12011C03,12011C03,N Chuctanunda Creek,12,7,NCHU,3.2,12-NCHU-3.2,"Shuttleworth Park, 200 m below bridge",,,42.961669999999998,-74.173330000000007,NCHU 02 (pre 2015),1.110819,J,,Joined to existing bio site,"RIBS site ID was 0, filled from stream name match in chem data table.",
12011501,12011501,12011501,Ninemile Creek,12,,NMIL,0.5,12-NMIL-0.5,200 m above River Rd. bridge,Marcy,Oneida,43.183329999999998,-75.330280000000002,,0,J,,Added 11/22/19 during 2016 chem qaqc,,
12011B14,12011B14,12011B14,Ninemile Creek,12,7,NMIL,13.9,12-NMIL-13.9,@CR 91 bridge,,,43.215899999999998,-75.179400000000001,NMIL-00 (pre-2017),26.568337,J,,Joined to existing bio site,"RIBS site ID was 0, filled from stream name match in chem data table",
12041001,12041001,12041001,Oriskany Creek,12,7,ORSK,0.9,12-ORSK-0.9,30 m below Utica St. bridge,,,43.155560000000001,-75.331670000000003,ORSK-01; ORSK-06 (pre-2016),74.612683000000004,J,,Joined to existing bio site,,
12011610,12011610,12011610,Otsquago Creek,12,7,OTSQ,8.9,12-OTSQ-8.9,"Moyer Rd.
100m up",,,42.92389,-74.75806,OTSQ-00 (pre-2017),139.843166,J,,Joined to existing bio site,,
12013202,12013202,12013202,Poentic Kill,12,,POEN,1.9,12-POEN-1.9,Campbell Rd.; 250 m above culverts opp. BJs/OffMax,Rotterdam Square area,Schenectady,42.807499999999997,-73.99333,,0,J,,Added 11/22/19 during 2016 chem qaqc,,
12051401,12051401,12051401,Reall Creek,12,,REAL,0.1,12-REAL-0.1,off Genesee St.,Utica,Oneida,43.112780000000001,-75.213610000000003,,0,J,,Added 11/22/19 during 2016 chem qaqc,,
12012002,12012002,12012002,Sauquoit Creek,12,7,SAUQ,1.6,12-SAUQ-1.6,Main st/Whitesboro st bridge at town line,,,43.117220000000003,-75.284719999999993,,N/A,N,,New rivermile,Updated description. Updated river mile from 1.5 to 1.6.,
12012002C,12012002C,12012002C,Sauquoit Creek,12,,SAUQ,2.2,12-SAUQ-2.2,end of Greenman Ave; Farm & Family Ctr.parking lot,Whitesboro,Oneida,43.113059999999997,-75.294439999999994,,0,J,,Added 11/22/19 during 2016 chem qaqc,River mile to be updated from 1.7 to 2.2 in SBU sites table.,
12021001,12021001,12021001,Schoharie Creek,12,7,SCHO,0.5,12-SCHO-0.5,At SR 5S bridge,,,42.937221999999998,-74.280556000000004,,N/A,N,,New rivermile,,
12021081,12021081,12021081,Schoharie Creek,12,8,SCHO,79.0,12-SCHO-79.0,100 m above Deming Rd. bridge,,,42.216389999999997,-74.242769999999993,SCHO-10(pre-2015),46.234537000000003,J,,Joined to existing bio site,,
12011801,12011801,12011801,South Chuctanunda Creek,12,7,SCHU,0.3,12-SCHU-0.3,Florida Avenue bridge,,,42.935277999999997,-74.203333000000001,,N/A,N,,New rivermile,,
12011D02,12011D02,12011D02,Shakers Creek,12,7,SHAK,1.8,12-SHAK-1.8,3 m below Old Niskayuna Rd. culvert,,,42.760559999999998,-73.799160000000001,SHAK-02  (pre-2016),1.1108150000000001,J,,Joined to existing bio site,"RIBS site ID was 0, filled from stream name match in chem data table",
12011401,12011401,12011401,Six Mile Creek,12,7,SIXM,1.6,12-SIXM-1.6,60 m below Rickmyer Rd. bridge,,,43.211390000000002,-75.382499999999993,SIXM-01 (pre-2017),21.939630999999999,J,,Joined to existing bio site,,
12012203,12012203,12012203,Spruce Creek,12,8,SPRC,2.5,12-SPRC-2.5,Kingsley Rd bridge,,,43.140278000000002,-74.786111000000005,,N/A,N,,New rivermile,,
12012302,12012302,12012302,Middle Sprite Creek,12,7,SPRT,0.2,12-SPRT-0.2,100 m above Lotville Rd bridge,,,43.113059999999997,-74.754720000000006,,37.959913999999998,J,,Joined to existing bio site,,
13092100,13092100,13092100,Basic Creek,13,,BASC,0.4,13-BASC-0.4,Co. Rt. 67 bridge,,,42.359720000000003,-74.050830000000005,,,J,,Joined to existing bio site,From group of 32 unconnected sites,
13013203,13013203,13013203,Black River,13,8,BLAG,3.1,13-BLAG-3.1,Black River Road bridge,,,42.571390000000001,-73.408919999999995,,N/A,N,,New rivermile,,
13011301,13011301,13011301,Black Creek,13,7,BLKH,1.2,13-BLKH-1.2,100m above Rte 9W bridge,,,41.818049999999999,-73.964449999999999,BLKH-01 (pre-2017),76.283591000000001,J,,Joined to existing bio site,,
13102101,13102101,13102101,Claverack Creek,13,7,CLAV,0.5,13-CLAV-0.5,100 m above Co. Rt. 25 bridge,,,42.311390000000003,-73.74306,CLAV-02(prior to 2012),95.320194999999998,J,,Joined to existing bio site,,
13102001,13102001,13102001,Kinderhook Creek,13,7,CLAV,2.8,13-CLAV-2.8,CR 20 bridge,,,42.286389,-73.737222000000003,,N/A,N,,New rivermile & ID,,
13012301,13012301,13012301,Canopus Creek,13,8,CNOP,0.8,13-CNOP-0.8,Sprout Brook Rd,,,41.314450000000001,-73.922219999999996,,39.244286000000002,J,,Joined to existing bio site,,
13011401,13011401,13011401,Coeymans Creek,13,7,COEY,0.3,13-COEY-0.3,200 m above Route 144 bridge,,,42.477499999999999,-73.794439999999994,COEY-07; COEY 10 (pre-2014),48.914197000000001,J,,Joined to existing bio site,,
13012701,13012701,13012701,Cromline Creek,13,,CROM,0.6,13-CROM-0.6,Tuthill Rd Bridge,,,41.431060000000002,-74.20147,,,J,,Joined to existing bio site,From group of 32 unconnected sites,
13012604,13012604,13012604,Gidneytown Creek,13,11,GIDN,4.9,13-GIDN-4.9,150 upstream of County Rte 87,,,41.553012000000003,-74.043206999999995,GIDN 01 (pre-2014),124.241518,J,,Joined to existing bio site,,
13063101,13063101,13063101,Shawangunk Kill,13,11,GUNK,0.4,13-GUNK-0.4,150 m below Co. Rt. 9 bridge,,,41.687220000000003,-74.172780000000003,,151.57683599999999,J,,Joined to existing bio site,,
13103202,13103202,13103202,Kline Kill,13,,KLIN,0.1,13-KLIN-0.1,Merwin Rd bridge,,,42.39611,-73.641670000000005,,,J,,Joined to existing bio site,From group of 32 unconnected sites,
13011C01,13011C01,13011C01,Kromma Kill,13,7,KROM,1.1,13-KROM-1.1,20 m upstream of Rt. 32 bridge,,,42.703609999999998,-73.71611,,36.514791000000002,J,,Joined to existing bio site,"RIBS site ID was 0, filled from stream name match in chem data table",
13010139,13010139,13010139,Hudson River,13,7,LHUD,120.2,13-LHUD-120.2,Henry Hudson Park,,,42.547778000000001,-73.758611000000002,,N/A,N,,New rivermile,,Changed SBU river mile to better reflect sampling location. Updated Description to match location.
13010142,13010142,13010142,Hudson River,13,7,LHUD,124.1,13-LHUD-124.1,opposite Niagara Mohawk on floats(91);Buoy 66 (92),,,42.595300000000002,-73.760999999999996,LHUD-04 (pre-2017),77.545737000000003,J,,Joined to existing bio site,,
13010077,13010077,13010077,Lower Hudson River,13,,LHUD,66.3,13-LHUD-66.3,Off North Water Street at Poughkeepsie Water Treatment Facility,,,41.720599999999997,-73.938800000000001,,N/A,N,,New site,From group of 32 unconnected sites,
13012205,13012205,13012205,Minisceongo Creek,13,8,MNGO,4.8,13-MNGO-4.8,At Thiells Mt. Ivy Rd bridge at golf course,,,41.20167,-74.02834,MNGO-01 (pre-2012),23.864412999999999,J,,Joined to existing bio site,,
13011003,13011003,13011003,Normans Kill,13,7,NORM,3.7,13-NORM-3.7,200 m above Delaware Ave. (Rt. 443) bridge,,,42.634450000000001,-73.8,NORM 10 (pre-2014),83.490803,J*,,Joined to existing bio site,*Duplicate RIBS site. Both joined to single bio site.,Used old RIBS ID that was closest to the actual river mile. RIBS Data will need to be updated to reflect this.
13111011,13111011,13111011,Normans Kill,13,7,NORM,7.3,13-NORM-7.3,New Scotland Rd Bridge,Slingerlands,Albany,42.647963,-73.846059,,N/A,N,,New river mile,,Previously thought to be a duplicate site. Coords were incorrectly duplicated in EQuIS (located old intensive site plan).
13012501,13012501,13012501,Onesquethaw Creek,13,,ONES,0.6,13-ONES-0.6,Rt. 53 bridge,,,42.535559999999997,-73.84084,,,J,,Joined to existing bio site,From group of 32 unconnected sites,
13011E00,13011E00,13011,Patroon's Creek,13,7,PATS,0.5,13-PATS-0.5,"Pleasant St., off N. Pearl, behind Amer. Boiler Co",,,42.664439999999999,-73.746669999999995,,55.043247999999998,J,,Joined to existing bio site,"Any instances of ""13011"" in the data originated from an Excel autocorrect issue. Should be ""'13011E00""","Any instances of ""13011"" in the data originated from an Excel autocorrect issue. Should be ""'13011E00"""
13011904,13011904,13011904,Peekskill Hollow Creek,13,,PEEK,3.7,13-PEEK-3.7,Oscawana Lake Rd bridge,,,41.333060000000003,-73.87473,,,J,,Joined to existing bio site,From group of 32 unconnected sites,
13072203,13072203,13072203,Plattekill Creek,13,7,PLCK,2.4,13-PLCK-2.4,Off Glasco Turnpike,,,42.04,-73.999722000000006,,N/A,N,,New rivermile,,
13011501,13011501,13011501,Poesten Kill,13,7,POST,0.2,13-POST-0.2,Second St. bridge,,,42.720199999999998,-73.694000000000003,,N/A,N,,New rivermile,,
13011519,13011519,13011519,Poesten Kill,13,8,POST,20.3,13-POST-20.3,Plank Rd bridge,,,42.69097,-73.459360000000004,,N/A,N,,New rivermile,,
13012402,13012402,13012402,Queensboro Brook,13,8,QBRC,0.7,13-QBRC-0.7,10m above Seven Lakes Drive bridge,,,41.302199999999999,-74.038600000000002,,95.008418000000006,J,,Joined to existing bio site,,
13064101,13064101,13064101,Quaker Creek,13,,QKER,1.0,13-QKER-1.0,Rt. 6 bridge,,,41.327219999999997,-74.416390000000007,,,J,,Joined to existing bio site,From group of 32 unconnected sites,
13011700,13011700,13011700,Quassaic Creek,13,,QUAS,0.1,13-QUAS-0.1,River Rd. bridge,,,41.488199999999999,-74.009100000000004,,N/A,N,,New site,From group of 32 unconnected sites,
13081002,13081002,13081002,Roeliff Jansen Kill,13,7,ROLF,2.4,13-ROLF-2.4,30 m above Dales Bridge Rd. bridge,,,42.153060000000004,-73.844719999999995,,163.90725900000001,J,,Joined to existing bio site,,
13062203,13062203,13062203,Rondout Creek,13,7,ROND,9.9,13-ROND-9.9,40 m above Rt. 213 bridge,,,41.842779999999998,-74.085830000000001,ROND 12 (pre-2014),0,J,,Joined to existing bio site,,
13011601,13011601,13011601,Saw Mill River,13,14,SAW,1.4,13-SAW-1.4,Center St.; 1 block north of USGS gaging station,,,40.93694,-73.886390000000006,,38.265560999999998,J,,Joined to existing bio site,,
13011204,13011204,13011204,Sparkill Creek,13,14,SPAR,3.6,13-SPAR-3.6,100m below Washington Ave bridge @ Tappen Mem Park,,,41.020560000000003,-73.947220000000002,SPAR 00,131.40232499999999,J,,Joined to existing bio site,,
13042102,13042102,13042102,Sprout Creek,13,8,SPRO,1.3,13-SPRO-1.3,15m above Rte 82 bridge,,,41.564720000000001,-73.84778,,0.31064000000000003,J,,Joined to existing bio site,,
13013110,13013110,13013110,Stony Kill,13,7,STON,10.1,13-STON-10.1,"Rt. 295, where stream is close to road",,,42.409390000000002,-73.522189999999995,,N/A,N,,New rivermile,,
13063302,13063302,13063302,Tin Brook,13,11,TINW,1.6,13-TINW-1.6,20m above Rte 52 bridge,,,41.561109999999999,-74.183329999999998,,36.426969999999997,J,,Joined to existing bio site,,
13103116,13103116,13103116,Valatie Kill,13,,VLAT,15.6,13-VLAT-15.6,CR 15,,,42.561109999999999,-73.575000000000003,,N/A,N,,New site,From group of 32 unconnected sites,
13051002,13051002,13051002,Wappingers Creek,13,7,WAPP,1.9,13-WAPP-1.9,At Creek Road Bridge,,,41.598799999999997,-73.924999999999997,,N/A,N,,New rivermile & ID,,
13051005,13051005,13051005,Wappingers Creek,13,7,WAPP,5.0,13-WAPP-5.0,100 m above Jackson Rd. bridge,,,41.62556,-73.892499999999998,WAPP 03 ( pre 2002),148.49343200000001,J,,Joined to existing bio site,,
13064205,13064205,13064205,Wawayanda Creek,13,8,WAWA,4.5,13-WAWA-4.5,15 m below Ryerson Rd. bridge,,,41.238329999999998,-74.418049999999994,,86.506099000000006,J,,Joined to existing bio site,,
13013310,13013310,13013310,Taghkanic Creek,13,7,WTAGH,9.5,13-WTAGH-9.5,"Town Hall, CR 10",,,42.123564000000002,-73.721361999999999,,29.985120999999999,J,,Joined to existing bio site,,
13011803,13011803,13011803,Wynants Kill,13,,WYNT,2.9,13-WYNT-2.9,"Winter St. bridge, 10 m below old wood dam",,,42.70194,-73.657219999999995,,,J,,Joined to existing bio site,From group of 32 unconnected sites,
14032110,14032110,14032110,Beaver Kill,14,8,BEAV,10.0,14-BEAV-10.0,300 m above Cooks Brook Rd. bridge,,,41.946390000000001,-74.97972,BEAV 06 (pre-2014),0.225911,J,,Joined to existing bio site,,
14022101,14022101,14022101,Basher Kill,14,8,BSHR,0.4,14-BSHR-0.4,30 m below Galley Hill Rd. bridge,,,41.453609999999998,-74.589449999999999,BSHR-01 (pre-2017),56.186833,J,,Joined to existing bio site,,
14022104,14022104,14022104,Basher Kill,14,8,BSHR,3.7,14-BSHR-3.7,Port Orange Rd,,,41.485900000000001,-74.573819999999998,BSHR-00 (pre-2017),186.79909900000001,J,,Joined to existing bio site,,
14011301,14011301,14011301,Callicoon Creek,14,8,CALL,0.2,14-CALL-0.2,10 m below Co. Rt. 133 bridge,,,41.76444,-75.05556,"CALL 02, CALL 06 (pre-2014)",22.730008000000002,J,,Joined to existing bio site,,
14043100,14043100,14043100,Coulter Brook in Bovina Center,14,8,COUL,0.1,14-COUL-0.1,Coulter Brook Road Bridge,,,42.257019,-74.771709000000001,,52.779685000000001,J,,Joined to existing bio site,,
14010001,14010001,14010001,Delaware River,14,8,DELA,1.3,14-DELA-1.3,Pike St. bridge,,,41.371940000000002,-74.696950000000001,,N/A,N,,New rivermile,,
14010047,14010047,14010047,Delaware River,14,,DELA,45.2,14-DELA-45.2,150 m below Rt. 371 bridge; on PA side,,,41.704999999999998,-75.066940000000002,,,J,,Joined to existing bio site,From group of 32 unconnected sites,
14010053,14010053,14010053,Delaware River,14,,DELA,50.4,14-DELA-50.4,Bridge St.,,,41.7652,-75.060360000000003,,,J,,Joined to existing bio site,From group of 32 unconnected sites,
14031001,14031001,14031001,East Branch Delaware River,14,8,EDEL,1.2,14-EDEL-1.2,Stockport Rd bridge,,,41.9529,-75.276700000000005,,N/A,J,,Joined to existing bio site,,"Changed Joined to existing and Notes field to reflect that this was a pre-existing site and not a ""new"" site location."
14031057,14031057,14031057,E Br Delaware River,14,8,EDEL,55.3,14-EDEL-55.3,50 m above Rt. 38 bridge,,,42.161110000000001,-74.620829999999998,DELA 04C; EDEL 03A (pre-2014),0.29880699999999999,J,,Joined to existing bio site,,
14044100,14044100,14044100,Unnamed Tributary to Fly Creek in Windsor,14,7,FLYC_T2,0.6,14-FLYC_T2-0.6,Off Tennent Rd,,,42.044645000000003,-75.524657000000005,FLYC-T(pre-2014),0,J,,Joined to existing bio site,,
14011400,14011400,14011400,Halfway Brook,14,8,HAFY,0.2,14-HAFY-0.2,50 m above Rt. 97 bridge,,,41.477499999999999,-74.91,HAFY-01 (pre-2017),9.4596529999999994,J,,Joined to existing bio site,,
14013103,14013103,14013103,Jaketown Creek in Bethel,14,8,JAKE,3.0,14-JAKE-3.0,Burr Rd bridge; 10m above,,,41.721899999999998,-74.922300000000007,JAKE 01 (pre-2014),0,J,,Joined to existing bio site,,
14042201,14042201,14042201,LITTLE DELAWARE RIVER  IN DELHI,14,8,LDEL,0.1,14-LDEL-0.1,"first bridge above confl.; at college golf course, Arbor Hill Rd",,,42.257800000000003,-74.927499999999995,LDEL-01A (pre-2017),40.438313000000001,J,,Joined to existing bio site,,
14012200,14012200,14012200,Middle Mongaup River,14,8,MONG_M,0.3,14-MONG_M-0.3,Rte 75 bridge; just upstream,,,41.707610000000003,-74.740790000000004,MONG-M; MMON 02 (pre-2014),4.1633490000000002,J,,Joined to existing bio site,,
14012300,14012300,14012300,W Br Mongaup River,14,8,MONG_W,0.2,14-MONG_W-0.2,20 m above Gale Rd bridge,,,41.681109999999997,-74.775000000000006,MONG-W; WMON-05 (pre-2017),163.08113,J,,Joined to existing bio site,,
14011119,14011119,14011119,Mongaup River in Mongaup Valley,14,8,MONG,18.9,14-MONG-18.9,Rte 17B bridge; just upstream,,,41.666780000000003,-74.782600000000002,MONG 00  (pre-2014),0,J,,Joined to existing bio site,,
14021001,14021001,14021001,Neversink River,14,8,NEVR,0.6,14-NEVR-0.6,East Main St.bridge,,,41.361111000000001,-74.685277999999997,,N/A,N,,New rivermile,,
14021015,14021015,14021015,Lower Neversink River in Oakland Valley,14,8,NEVR,14.8,14-NEVR-14.8,upstream of CR 49 bridge,,,41.504440000000002,-74.647779999999997,NEVR 13 (pre-2017),0,J,,Joined to existing bio site,,
14021037,14021037,14021037,Neversink River,14,8,NEVR,36.8,14-NEVR-36.8,20 m below Rte. 52 bridge,,,41.76,-74.599170000000001,NEVR 03 (pre-2017),38.372661999999998,J,,Joined to existing bio site,,
14023104,14023104,14023104,Pine Kill,14,8,PINE,3.9,14-PINE-3.9,Knob Hill Rd bridge,,,41.543790000000001,-74.574259999999995,,N/A,N,,New rivermile,,
14022402,14022402,14022402,Sheldrake Stream,14,8,SHEL,1.6,14-SHEL-1.6,River Rd bridge,,,41.668056,-74.623056000000005,,N/A,N,,New rivermile,,
14012400,14012400,14012400,E Br Ten Mile River,14,8,TENR_E,1.4,14-TENR_E-1.4,30 m above Brooks Rd. bridge,,,41.570830000000001,-75.009450000000001,TENR-02 (pre-2017),40.469473000000001,J,,Joined to existing bio site,,
14042401,14042401,14042401,Trout Creek in Trout Creek,14,8,TRUT,1.4,14-TRUT-1.4,East off CR 27,,,42.176940000000002,-75.278890000000004,TRUT 01 (prior 2014),0,J,,Joined to existing bio site,,
14022300,14022300,14022300,E Br Neversink River,14,8,UNVR_E,0.2,14-UNVR_E-0.2,"60 m below CR 157 bridge, Frost Valley Rd;
(first bridge after turning off CR 19)",,,41.918210000000002,-74.57311,UNVR NE 11 (pre-2014); UNVR-E0.2 (pre-2017),93.374279000000001,J,,Joined to existing bio site,,
14022200,14022200,14022200,W Br Neversink River,14,8,UNVR_W,0.4,14-UNVR_W-0.4,2nd bridge from inters. of CR 19 & CR 157 (Frost Valley Rd) bridge. Near USGS gage,,,41.920650000000002,-74.574799999999996,UNVR NW11 (pre-2017),21.10153,J,,Joined to existing bio site,,
14041001,14041001,14041001,W Br Delaware River,14,8,WDEL,1.3,14-WDEL-1.3,100 m above Rt. 191 bridge,,,41.952500000000001,-75.291659999999993,DELA 3; WDEL 13  (pre-2014),0.55548699999999995,J,,Joined to existing bio site,,
14041035,14041035,14041035,Delaware River - West Branch in Beerston,14,8,WDEL,35.4,14-WDEL-35.4,at Rte 10 bridge,,,42.128610000000002,-75.160550000000001,DELA F: WDEL 07  (pre-2014),0,J,,Joined to existing bio site,,
14041059,14041059,14041059,Delaware River - West Branch in Delhi,14,8,WDEL,56.4,14-WDEL-56.4,above Arbor Hill Rd. (Sherwood Rd.) bridge,,,42.259720000000002,-74.928610000000006,WDEL 03A  (pre-2014),0,J,,Joined to existing bio site,,
14041060,14041060,14041060,West Branch Delaware River,14,8,WDEL,57.9,14-WDEL-57.9,Bridge St. bridge,,,42.278333000000003,-74.912499999999994,,N/A,N,,New rivermile,,
14041077,14041077,14041077,W Br Delaware River,14,8,WDEL,75.7,14-WDEL-75.7,100 m upstream of Cornell Ave bridge,,,42.372779999999999,-74.66722,WDEL 01  (pre-2014),42.367666,J,,Joined to existing bio site,,
14033101,14033101,14033101,Willowemoc Creek,14,8,WILL,0.5,14-WILL-0.5,200 m above Main St. bridge,,,41.930280000000003,-74.915279999999996,WILL 08 (pre-2014),0.31880500000000001,J,,Joined to existing bio site,,
14033103,14033103,14033103,Willowemoc Creek,14,8,WILL,3.2,14-WILL-3.2,Hazel Rd. bridge,,,41.926389999999998,-74.87527,,N/A,N,,New rivermile,,
14042301,14042301,14042301,West Brook in Walton,14,8,WSTB,1.1,14-WSTB-1.1,Austin Lincoln Park Rd; 20m downstream,,,42.177500000000002,-75.127780000000001,WSTB 02 (pre-2014),0,J,,Joined to existing bio site,,
15012105,15012105,15012105,Hackensack River,15,,HACK,2.8,15-HACK-2.8,10m above CR 15 bridge (Western Hwy),,,41.086109999999998,-73.962779999999995,,,J,,Joined to existing bio site,From group of 32 unconnected sites,
15011001,15011001,15011001,Ramapo River,15,8,RAMA,1.1,15-RAMA-1.1,50 m above 4th St. bridge,,,41.125160000000001,-74.164554999999993,,7.6596489999999999,J,,Joined to existing bio site,,
16011112,16011112,16011112,Green River,16,8,GREE,2.5,16-GREE-2.5,10m below Rte 71 bridge,,,42.261389999999999,-73.470560000000006,,44.69218,J,,Joined to existing bio site,,
16012100,16012100,16012100,Swamp River,16,,SWMP,0.2,16-SWMP-0.2,CR 6 bridge,,,41.71528,-73.57611,,,J,,Joined to existing bio site,From group of 32 unconnected sites,
16011102,16011102,16011102,Tenmile River,16,8,TEN,2.5,16-TEN-2.5,20 m below Lake Ellis Rd. bridge,,,41.653889999999997,-73.538610000000006,,10.030426,J,,Joined to existing bio site,,
16012102,16012102,16012102,Wassaic Creek,16,,WASS,1.2,16-WASS-1.2,CR 81 bridge,,,41.795000000000002,-73.552499999999995,,,J,,Joined to existing bio site,From group of 32 unconnected sites,
17022503,17022503,17022503,Blind Brook,17,14,BLND,3.4,17-BLND-3.4,150 m above gaging station; at Theodore Fremd St.,,,40.983283,-73.686250000000001,BLND-04 (pre-2017),85.625403000000006,J,,Joined to existing bio site,,
17023312,17023312,17023312,Bronx River,17,14,BRNX,12.3,17-BRNX-12.3,bridge above Crestview Station,,,40.959440000000001,-73.821995000000001,,16.880590999999999,J,,Joined to existing bio site,,
17023307,17023307,17023307,Bronx River,17,14,BRNX,5.6,17-BRNX-5.6,150 m above East Gun Hill Rd. bridge,,,40.880000000000003,-73.868610000000004,,190.930487,J,,Joined to existing bio site,,
17024101,17024101,17024101,Beaver Brook,17,14,BVBR,0.3,17-BVBR-0.3,Frost Mill Rd.; 5-10 m below old road bridge in preserve. Park at Preserve and follow red trail to blue trail,,,40.878101999999998,-73.565951999999996,,100.68157600000001,J,,Joined to existing bio site,,
17012702,17012702,17012702,Beaverdam Creek,17,14,BVDC,0.1,17-BVDC-0.1,Below Beaver Dam Road bridge,,,40.771000000000001,-72.917000000000002,,N/A,N,,New rivermile,,
17012902,17012902,17012902,Carlls River,17,14,CARL,0.8,17-CARL-0.8,20 m below Park Ave. culvert,,,40.70194,-73.328609999999998,,11.495818,J,,Joined to existing bio site,,
17012307,17012307,17012307,Carmans River,17,14,CARM,9.0,17-CARM-9.0,below foot bridge at USGS gaging station,,,40.83,-72.906940000000006,,193.48734400000001,J,,Joined to existing bio site,,
17012805,17012805,17012805,Connetquot Brook,17,14,CONQ,1.6,17-CONQ-1.6,End of West Club Rd Connetquot State Park,,,40.764800000000001,-73.154300000000006,,N/A,N,,New rivermile,,
17012A01,17012A01,17012A01,Green Creek,17,14,GREN,0.4,17-GREN-0.4,Brook St @bridge,,,40.73639,-73.091669999999993,,23.937882999999999,J,,Joined to existing bio site,"RIBS site ID was 0, filled from stream name match in chem data table",
17025100,17025100,17025100,Bear Gutter Creek,17,14,KEND,0.6,17-KEND-0.6,5 m below Rte 22,,,41.114440000000002,-73.723609999999994,,44.278399,J,,Joined to existing bio site,,
17022401,17022401,17022401,Mamaroneck River,17,14,MAMR,0.3,17-MAMR-0.3,100 m above Ward Ave. bridge,,,40.952219999999997,-73.734440000000006,,25.494733,J,,Joined to existing bio site,,
17012404,17012404,17012404,Massapequa Creek,17,14,MASS,1.2,17-MASS-1.2,150 m above Clark Ave.,,,40.681669999999997,-73.460560000000001,,93.601072000000002,J,,Joined to existing bio site,,
17021113,17021113,17021113,Mianus River,17,14,MIAN,13.3,17-MIAN-13.3,40 m below Millers Mill Rd. bridge,,,41.193890000000003,-73.62473,,47.261181999999998,J,,Joined to existing bio site,,
17014101,17014101,17014101,Pines Stream/Pine Brook,17,14,MILR,3.5,17-MILR-3.5,30 m upstream of Pinebrook Ave,,,40.674315,-73.662232000000003,MILR-02(pre-2014),66.120329999999996,J,,Joined to existing bio site,,
17016109,17016109,17016109,Peconic River,17,14,PECN,7.6,17-PECN-7.6,Edwards Ave bridge,,,40.905501999999998,-72.742968000000005,,9.4699810000000006,J,,Joined to existing bio site,,
N/A,03011422,03011422,Oak Orchard Creek in Shelby,03,7,ORCH,21.6,03-ORCH-21.6,Martin Rd bridge; 100m upstream,,,43.189790000000002,-78.386740000000003,ORCH-00(pre2015),0,J,,Joined to existing bio site,Duplicate of 03011424. Used 03011424 for sites table. Only data using 03011422 is tox data. ,
08010008,08010008,08010008,Black River,08,,BLCK,8.0,08-BLCK-8.0,Van Duzee St. bridge,Watertown,Jefferson,43.984739,-75.925029,,0,J,,Joined to existing bio site,,Newly added for tox data
08010088,08010088,08010088,Black River,08,,BLCK,84.5,08-BLCK-84.5,5 m above Moose River Rd. bridge,Boonville,Oneida,(in sites table),(in sites table),,0,J,,Joined to existing bio site,,Newly added for tox data
09051018,09051018,09051018,Oswegatchie River,09,,GTCH,17.7,09-GTCH-17.7,200 m below Rt. 186 bridge,Canton,St. Lawrence,(in sites table),(in sites table),,0,J,,Joined to existing bio site,,Newly added for tox data
13052100,13052100,13052100,Unnamed Trib to Wappingers Creek,13,,WAPP_T1,0.1,13-WAPP_T1-0.1,At Creek Road Bridge,Wappingers Falls,Dutchess,(in sites table),(in sites table),,0,J,,Joined to existing bio site,,Newly added for tox data
13062112,13062112,13062112,Wallkill River,13,,WALK,18.6,13-WALK-18.6,At Rt 55 bridge,Gardiner,Ulster,41.687831,-74.1657,,N/A,N,,New rivermile,,"Added for tox data using RIBS ID. This is a post-redesign Routine site, but is not yet in the sites table."
12051301,12051301,12051301,Starch Factory Brook,,,,,12-STCH-1.0,,,,,,,160,J,X,Joined to existing bio site,,
12051202,12051202,12051202,Lisha Kill,,,,,12-LISH-0.8,,,,,,,200,J,X,Joined to existing bio site,,
12051101,12051101,12051101,Alplaus Kill,,,,,12-ALPL-1.5,,,,,,,60,J,X,Joined to existing bio site,,
12031004,12031004,12031004,West Canada Creek,,,,,12-CANW-4.0,,,,,,,66,J,X,Joined to existing bio site,,
12022201,12022201,12022201,Fox Creek,,,,,12-FOX-1.1,,,,,,,135,J,X,Joined to existing bio site,,
12011601,12011601,12011601,Otsquago Creek,,,,,12-OTSQ-0.2,,,,,,,66,J,X,Joined to existing bio site,,
12011201,12011201,12011201,Canajoharie Creek,,,,,12-CAJO-0.4,,,,,,,23,J,X,Joined to existing bio site,,
03012V02,03012V02,03012V02,Unnamed Tributary To Oak Orchard Creek,,,,,03-ORCH_T28-2.1,,,,,,,0,J,X,Joined to existing bio site,,
03012901,03012901,03012901,Fish Creek,,,,,03-FICR-0.9,,,,,,,0,J,X,Joined to existing bio site,,
03012310,03012310,03012310,Otter Creek,,,,,03-OTER-10.8,,,,,,,0,J,X,Joined to existing bio site,,
03012301,03012301,03012301,Otter Creek,,,,,03-OTER-0.6,,,,,,,0,J,X,Joined to existing bio site,,
03011436,03011436,03011436,Oak Orchard Creek,,,,,03-ORCH-36.2,,,,,,,0,J,X,Joined to existing bio site,,
03011412,03011412,03011412,Oak Orchard Creek,,,,,03-ORCH-12.2,,,,,,,0,J,X,Joined to existing bio site,,
03011409,03011409,03011409,Oak Orchard Creek,,,,,03-ORCH-9.3,,,,,,,0,J,X,Joined to existing bio site,,
"03011401	","03011401	","03011401	",Oak Orchard Creek,,,,,03-ORCH-1.3,,,,,,,140,J,X,Joined to existing bio site,,
03011400,03011400,03011400,Oak Orchard Creek,,,,,03-ORCH-0.2,,,,,,,10,J,X,Joined to existing bio site,,
03011205,03011205,03011205,Eighteenmile Creek,,,,,03-EMIL-5.1,,,,,,,18,J,X,Joined to existing bio site,,
01041362,01041362,01041362,Cattaraugus Creek,,,,,01-CATT-64.4,,,,,,,130,J,X,Joined to existing bio site,,
01041202B,01041202B,01041202B,Big Sister Creek,,,,,01-BSIS-2.0,,,,,,,46,J,X,Joined to existing bio site,,
01023104,01023104,01023104,Murder Creek,,,,,01-MURD-4.2,,,,,,,28,J,X,Joined to existing bio site,,
01021095,01021095,01021095,Tonawanda Creek,,,,,01-TONA-92.9,,,,,,,230,J,X,Joined to existing bio site,,
01012101B,01012101B,01012101B,Cayuga Creek,,,,,01-CYGA-1.2,,,,,,,N/A,N,X,New site (rivermile),,
03012Y02,03012Y02,03012Y02,Unnamed Tributary To Oak Orchard Creek,,,,,03-ORCH_T35-2.2,,,,,,,0,J,X,Joined to existing bio site,,
